STATE,DISTRICT,TAHSIL,TOWN_VILL,WARD,EB,LEVEL,NAME,TRU, No_HH , TOT_P , TOT_M , TOT_F , P_06 , M_06 , F_06 , P_SC , M_SC , F_SC , P_ST , M_ST , F_ST , P_LIT , M_LIT , F_LIT , P_ILL , M_ILL , F_ILL , TOT_WORK_P , TOT_WORK_M , TOT_WORK_F , MAINWORK_P , MAINWORK_M , MAINWORK_F , MAIN_CL_P , MAIN_CL_M , MAIN_CL_F , MAIN_AL_P , MAIN_AL_M , MAIN_AL_F , MAIN_HH_P , MAIN_HH_M , MAIN_HH_F , MAIN_OT_P , MAIN_OT_M , MAIN_OT_F , MARGWORK_P , MARGWORK_M , MARGWORK_F , MARG_CL_P , MARG_CL_M , MARG_CL_F , MARG_AL_P , MARG_AL_M , MARG_AL_F , MARG_HH_P , MARG_HH_M , MARG_HH_F , MARG_OT_P , MARG_OT_M , MARG_OT_F , NON_WORK_P , NON_WORK_M , NON_WORK_F , INST_P , INST_M , INST_F , HLESS_P , HLESS_M , HLESS_F 
00,00,0000,00000000,0,0,INDIA,India,Total," 193,579,954 "," 1,028,610,328 "," 532,156,772 "," 496,453,556 "," 163,819,614 "," 84,999,203 "," 78,820,411 "," 166,635,700 "," 86,088,760 "," 80,546,940 "," 84,326,240 "," 42,640,829 "," 41,685,411 "," 560,687,797 "," 336,533,716 "," 224,154,081 "," 467,922,531 "," 195,623,056 "," 272,299,475 "," 402,234,724 "," 275,014,476 "," 127,220,248 "," 313,004,983 "," 240,147,813 "," 72,857,170 "," 103,626,068 "," 78,258,978 "," 25,367,090 "," 63,497,114 "," 41,119,069 "," 22,378,045 "," 12,206,084 "," 7,509,013 "," 4,697,071 "," 133,675,717 "," 113,260,753 "," 20,414,964 "," 89,229,741 "," 34,866,663 "," 54,363,078 "," 23,686,783 "," 7,157,520 "," 16,529,263 "," 43,278,216 "," 16,210,031 "," 27,068,185 "," 4,750,858 "," 1,235,170 "," 3,515,688 "," 17,513,884 "," 10,263,942 "," 7,249,942 "," 626,375,604 "," 257,142,296 "," 369,233,308 ", -   , -   , -   , -   , -   , -   
00,00,0000,00000000,0,0,INDIA,India,Rural," 137,747,384 "," 742,490,639 "," 381,602,674 "," 360,887,965 "," 126,470,497 "," 65,407,648 "," 61,062,849 "," 133,010,878 "," 68,603,342 "," 64,407,536 "," 77,338,597 "," 39,045,650 "," 38,292,947 "," 361,870,817 "," 223,551,641 "," 138,319,176 "," 380,619,822 "," 158,051,033 "," 222,568,789 "," 309,956,070 "," 198,839,153 "," 111,116,917 "," 229,186,552 "," 169,101,251 "," 60,085,301 "," 101,345,252 "," 76,435,797 "," 24,909,455 "," 60,517,788 "," 39,130,317 "," 21,387,471 "," 8,330,814 "," 5,036,347 "," 3,294,467 "," 58,992,698 "," 48,498,790 "," 10,493,908 "," 80,769,518 "," 29,737,902 "," 51,031,616 "," 23,374,495 "," 7,040,054 "," 16,334,441 "," 41,913,430 "," 15,575,894 "," 26,337,536 "," 3,811,866 "," 954,879 "," 2,856,987 "," 11,669,727 "," 6,167,075 "," 5,502,652 "," 432,534,569 "," 182,763,521 "," 249,771,048 ", -   , -   , -   , -   , -   , -   
00,00,0000,00000000,0,0,INDIA,India,Urban," 55,832,570 "," 286,119,689 "," 150,554,098 "," 135,565,591 "," 37,349,117 "," 19,591,555 "," 17,757,562 "," 33,624,822 "," 17,485,418 "," 16,139,404 "," 6,987,643 "," 3,595,179 "," 3,392,464 "," 198,816,980 "," 112,982,075 "," 85,834,905 "," 87,302,709 "," 37,572,023 "," 49,730,686 "," 92,278,654 "," 76,175,323 "," 16,103,331 "," 83,818,431 "," 71,046,562 "," 12,771,869 "," 2,280,816 "," 1,823,181 "," 457,635 "," 2,979,326 "," 1,988,752 "," 990,574 "," 3,875,270 "," 2,472,666 "," 1,402,604 "," 74,683,019 "," 64,761,963 "," 9,921,056 "," 8,460,223 "," 5,128,761 "," 3,331,462 "," 312,288 "," 117,466 "," 194,822 "," 1,364,786 "," 634,137 "," 730,649 "," 938,992 "," 280,291 "," 658,701 "," 5,844,157 "," 4,096,867 "," 1,747,290 "," 193,841,035 "," 74,378,775 "," 119,462,260 ", -   , -   , -   , -   , -   , -   
01,00,0000,00000000,0,0,STATE,JAMMU & KASHMIR,Total," 1,568,519 "," 10,143,700 "," 5,360,926 "," 4,782,774 "," 1,485,803 "," 765,394 "," 720,409 "," 770,155 "," 403,256 "," 366,899 "," 1,105,979 "," 578,949 "," 527,030 "," 4,807,286 "," 3,060,628 "," 1,746,658 "," 5,336,414 "," 2,300,298 "," 3,036,116 "," 3,753,815 "," 2,679,941 "," 1,073,874 "," 2,608,668 "," 2,226,958 "," 381,710 "," 948,534 "," 792,387 "," 156,147 "," 103,089 "," 93,313 "," 9,776 "," 135,690 "," 98,647 "," 37,043 "," 1,421,355 "," 1,242,611 "," 178,744 "," 1,145,147 "," 452,983 "," 692,164 "," 642,980 "," 212,148 "," 430,832 "," 143,332 "," 97,026 "," 46,306 "," 98,782 "," 27,615 "," 71,167 "," 260,053 "," 116,194 "," 143,859 "," 6,389,885 "," 2,680,985 "," 3,708,900 ",,,,,,
01,00,0000,00000000,0,0,STATE,JAMMU & KASHMIR,Rural," 1,167,108 "," 7,627,062 "," 3,977,652 "," 3,649,410 "," 1,214,965 "," 620,809 "," 594,156 "," 636,016 "," 331,380 "," 304,636 "," 1,054,488 "," 550,329 "," 504,159 "," 3,192,078 "," 2,069,618 "," 1,122,460 "," 4,434,984 "," 1,908,034 "," 2,526,950 "," 2,924,686 "," 1,968,549 "," 956,137 "," 1,862,629 "," 1,559,977 "," 302,652 "," 926,546 "," 773,027 "," 153,519 "," 93,200 "," 84,177 "," 9,023 "," 99,529 "," 69,508 "," 30,021 "," 743,354 "," 633,265 "," 110,089 "," 1,062,057 "," 408,572 "," 653,485 "," 633,087 "," 208,276 "," 424,811 "," 134,125 "," 90,280 "," 43,845 "," 79,382 "," 23,664 "," 55,718 "," 215,463 "," 86,352 "," 129,111 "," 4,702,376 "," 2,009,103 "," 2,693,273 ",,,,,,
01,00,0000,00000000,0,0,STATE,JAMMU & KASHMIR,Urban," 401,411 "," 2,516,638 "," 1,383,274 "," 1,133,364 "," 270,838 "," 144,585 "," 126,253 "," 134,139 "," 71,876 "," 62,263 "," 51,491 "," 28,620 "," 22,871 "," 1,615,208 "," 991,010 "," 624,198 "," 901,430 "," 392,264 "," 509,166 "," 829,129 "," 711,392 "," 117,737 "," 746,039 "," 666,981 "," 79,058 "," 21,988 "," 19,360 "," 2,628 "," 9,889 "," 9,136 ", 753 ," 36,161 "," 29,139 "," 7,022 "," 678,001 "," 609,346 "," 68,655 "," 83,090 "," 44,411 "," 38,679 "," 9,893 "," 3,872 "," 6,021 "," 9,207 "," 6,746 "," 2,461 "," 19,400 "," 3,951 "," 15,449 "," 44,590 "," 29,842 "," 14,748 "," 1,687,509 "," 671,882 "," 1,015,627 ",,,,,,
02,00,0000,00000000,0,0,STATE,HIMACHAL PRADESH,Total," 1,221,589 "," 6,077,900 "," 3,087,940 "," 2,989,960 "," 793,137 "," 418,426 "," 374,711 "," 1,502,170 "," 763,333 "," 738,837 "," 244,587 "," 122,549 "," 122,038 "," 4,041,621 "," 2,278,386 "," 1,763,235 "," 2,036,279 "," 809,554 "," 1,226,725 "," 2,992,461 "," 1,686,658 "," 1,305,803 "," 1,963,882 "," 1,333,361 "," 630,521 "," 1,089,124 "," 578,807 "," 510,317 "," 36,156 "," 26,499 "," 9,657 "," 34,917 "," 27,671 "," 7,246 "," 803,685 "," 700,384 "," 103,301 "," 1,028,579 "," 353,297 "," 675,282 "," 865,746 "," 255,505 "," 610,241 "," 58,015 "," 29,159 "," 28,856 "," 17,602 "," 6,363 "," 11,239 "," 87,216 "," 62,270 "," 24,946 "," 3,085,439 "," 1,401,282 "," 1,684,157 ",,,,,,
02,00,0000,00000000,0,0,STATE,HIMACHAL PRADESH,Rural," 1,079,797 "," 5,482,319 "," 2,756,073 "," 2,726,246 "," 730,628 "," 384,534 "," 346,094 "," 1,403,050 "," 710,166 "," 692,884 "," 237,060 "," 118,388 "," 118,672 "," 3,567,456 "," 2,004,134 "," 1,563,322 "," 1,914,863 "," 751,939 "," 1,162,924 "," 2,772,351 "," 1,506,711 "," 1,265,640 "," 1,758,872 "," 1,162,619 "," 596,253 "," 1,084,457 "," 576,112 "," 508,345 "," 35,344 "," 25,824 "," 9,520 "," 32,289 "," 25,471 "," 6,818 "," 606,782 "," 535,212 "," 71,570 "," 1,013,479 "," 344,092 "," 669,387 "," 862,433 "," 254,613 "," 607,820 "," 57,254 "," 28,654 "," 28,600 "," 16,902 "," 6,094 "," 10,808 "," 76,890 "," 54,731 "," 22,159 "," 2,709,968 "," 1,249,362 "," 1,460,606 ",,,,,,
02,00,0000,00000000,0,0,STATE,HIMACHAL PRADESH,Urban," 141,792 "," 595,581 "," 331,867 "," 263,714 "," 62,509 "," 33,892 "," 28,617 "," 99,120 "," 53,167 "," 45,953 "," 7,527 "," 4,161 "," 3,366 "," 474,165 "," 274,252 "," 199,913 "," 121,416 "," 57,615 "," 63,801 "," 220,110 "," 179,947 "," 40,163 "," 205,010 "," 170,742 "," 34,268 "," 4,667 "," 2,695 "," 1,972 ", 812 , 675 , 137 ," 2,628 "," 2,200 ", 428 ," 196,903 "," 165,172 "," 31,731 "," 15,100 "," 9,205 "," 5,895 "," 3,313 ", 892 ," 2,421 ", 761 , 505 , 256 , 700 , 269 , 431 ," 10,326 "," 7,539 "," 2,787 "," 375,471 "," 151,920 "," 223,551 ",,,,,,
03,00,0000,00000000,0,0,STATE,PUNJAB,Total," 4,348,580 "," 24,358,999 "," 12,985,045 "," 11,373,954 "," 3,171,829 "," 1,763,801 "," 1,408,028 "," 7,028,723 "," 3,714,350 "," 3,314,373 ", -   , -   , -   ," 14,756,970 "," 8,442,293 "," 6,314,677 "," 9,602,029 "," 4,542,752 "," 5,059,277 "," 9,127,474 "," 6,960,213 "," 2,167,261 "," 7,835,732 "," 6,426,028 "," 1,409,704 "," 1,894,024 "," 1,713,256 "," 180,768 "," 1,057,622 "," 892,869 "," 164,753 "," 244,841 "," 162,519 "," 82,322 "," 4,639,245 "," 3,657,384 "," 981,861 "," 1,291,742 "," 534,185 "," 757,557 "," 171,043 "," 49,613 "," 121,430 "," 432,239 "," 211,271 "," 220,968 "," 88,929 "," 16,279 "," 72,650 "," 599,531 "," 257,022 "," 342,509 "," 15,231,525 "," 6,024,832 "," 9,206,693 ",,,,,,
03,00,0000,00000000,0,0,STATE,PUNJAB,Rural," 2,796,284 "," 16,096,488 "," 8,516,596 "," 7,579,892 "," 2,176,726 "," 1,209,856 "," 966,870 "," 5,318,254 "," 2,807,876 "," 2,510,378 ", -   , -   , -   ," 9,008,431 "," 5,191,377 "," 3,817,054 "," 7,088,057 "," 3,325,219 "," 3,762,838 "," 6,360,351 "," 4,589,049 "," 1,771,302 "," 5,248,225 "," 4,161,003 "," 1,087,222 "," 1,830,654 "," 1,655,664 "," 174,990 "," 983,402 "," 827,926 "," 155,476 "," 148,252 "," 87,388 "," 60,864 "," 2,285,917 "," 1,590,025 "," 695,892 "," 1,112,126 "," 428,046 "," 684,080 "," 167,986 "," 48,242 "," 119,744 "," 410,633 "," 197,149 "," 213,484 "," 72,656 "," 11,923 "," 60,733 "," 460,851 "," 170,732 "," 290,119 "," 9,736,137 "," 3,927,547 "," 5,808,590 ",,,,,,
03,00,0000,00000000,0,0,STATE,PUNJAB,Urban," 1,552,296 "," 8,262,511 "," 4,468,449 "," 3,794,062 "," 995,103 "," 553,945 "," 441,158 "," 1,710,469 "," 906,474 "," 803,995 ", -   , -   , -   ," 5,748,539 "," 3,250,916 "," 2,497,623 "," 2,513,972 "," 1,217,533 "," 1,296,439 "," 2,767,123 "," 2,371,164 "," 395,959 "," 2,587,507 "," 2,265,025 "," 322,482 "," 63,370 "," 57,592 "," 5,778 "," 74,220 "," 64,943 "," 9,277 "," 96,589 "," 75,131 "," 21,458 "," 2,353,328 "," 2,067,359 "," 285,969 "," 179,616 "," 106,139 "," 73,477 "," 3,057 "," 1,371 "," 1,686 "," 21,606 "," 14,122 "," 7,484 "," 16,273 "," 4,356 "," 11,917 "," 138,680 "," 86,290 "," 52,390 "," 5,495,388 "," 2,097,285 "," 3,398,103 ",,,,,,
04,00,0000,00000000,0,0,STATE,CHANDIGARH,Total," 206,465 "," 900,635 "," 506,938 "," 393,697 "," 115,613 "," 62,664 "," 52,949 "," 157,597 "," 86,187 "," 71,410 ", -   , -   , -   ," 643,245 "," 382,686 "," 260,559 "," 257,390 "," 124,252 "," 133,138 "," 340,422 "," 284,419 "," 56,003 "," 328,989 "," 277,050 "," 51,939 "," 1,799 "," 1,521 ", 278 , 445 , 377 , 68 ," 3,167 "," 2,296 ", 871 ," 323,578 "," 272,856 "," 50,722 "," 11,433 "," 7,369 "," 4,064 ", 342 , 166 , 176 , 118 , 84 , 34 , 713 , 208 , 505 ," 10,260 "," 6,911 "," 3,349 "," 560,213 "," 222,519 "," 337,694 ",,,,,,
04,00,0000,00000000,0,0,STATE,CHANDIGARH,Rural," 22,580 "," 92,120 "," 56,816 "," 35,304 "," 14,416 "," 7,805 "," 6,611 "," 14,740 "," 8,417 "," 6,323 ", -   , -   , -   ," 58,730 "," 39,687 "," 19,043 "," 33,390 "," 17,129 "," 16,261 "," 40,203 "," 36,293 "," 3,910 "," 38,168 "," 34,934 "," 3,234 "," 1,200 "," 1,058 ", 142 , 222 , 202 , 20 , 574 , 445 , 129 ," 36,172 "," 33,229 "," 2,943 "," 2,035 "," 1,359 ", 676 , 303 , 148 , 155 , 76 , 63 , 13 , 167 , 33 , 134 ," 1,489 "," 1,115 ", 374 ," 51,917 "," 20,523 "," 31,394 ",,,,,,
04,00,0000,00000000,0,0,STATE,CHANDIGARH,Urban," 183,885 "," 808,515 "," 450,122 "," 358,393 "," 101,197 "," 54,859 "," 46,338 "," 142,857 "," 77,770 "," 65,087 ", -   , -   , -   ," 584,515 "," 342,999 "," 241,516 "," 224,000 "," 107,123 "," 116,877 "," 300,219 "," 248,126 "," 52,093 "," 290,821 "," 242,116 "," 48,705 ", 599 , 463 , 136 , 223 , 175 , 48 ," 2,593 "," 1,851 ", 742 ," 287,406 "," 239,627 "," 47,779 "," 9,398 "," 6,010 "," 3,388 ", 39 , 18 , 21 , 42 , 21 , 21 , 546 , 175 , 371 ," 8,771 "," 5,796 "," 2,975 "," 508,296 "," 201,996 "," 306,300 ",,,,,,
05,00,0000,00000000,0,0,STATE,UTTARANCHAL,Total," 1,603,242 "," 8,489,349 "," 4,325,924 "," 4,163,425 "," 1,360,032 "," 712,949 "," 647,083 "," 1,517,186 "," 780,772 "," 736,414 "," 256,129 "," 131,334 "," 124,795 "," 5,105,782 "," 3,008,875 "," 2,096,907 "," 3,383,567 "," 1,317,049 "," 2,066,518 "," 3,134,036 "," 1,996,177 "," 1,137,859 "," 2,322,347 "," 1,639,242 "," 683,105 "," 1,067,647 "," 531,003 "," 536,644 "," 142,624 "," 122,799 "," 19,825 "," 49,027 "," 34,905 "," 14,122 "," 1,063,049 "," 950,535 "," 112,514 "," 811,689 "," 356,935 "," 454,754 "," 502,469 "," 153,419 "," 349,050 "," 117,059 "," 67,695 "," 49,364 "," 23,421 "," 8,839 "," 14,582 "," 168,740 "," 126,982 "," 41,758 "," 5,355,313 "," 2,329,747 "," 3,025,566 ",,,,,,
05,00,0000,00000000,0,0,STATE,UTTARANCHAL,Rural," 1,185,737 "," 6,310,275 "," 3,144,590 "," 3,165,685 "," 1,072,360 "," 559,248 "," 513,112 "," 1,256,122 "," 642,087 "," 614,035 "," 240,209 "," 122,808 "," 117,401 "," 3,565,347 "," 2,114,320 "," 1,451,027 "," 2,744,928 "," 1,030,270 "," 1,714,658 "," 2,498,842 "," 1,436,711 "," 1,062,131 "," 1,745,562 "," 1,123,925 "," 621,637 "," 1,055,906 "," 522,717 "," 533,189 "," 132,434 "," 113,792 "," 18,642 "," 37,024 "," 25,804 "," 11,220 "," 520,198 "," 461,612 "," 58,586 "," 753,280 "," 312,786 "," 440,494 "," 500,296 "," 152,742 "," 347,554 "," 112,086 "," 64,197 "," 47,889 "," 19,830 "," 7,599 "," 12,231 "," 121,068 "," 88,248 "," 32,820 "," 3,811,433 "," 1,707,879 "," 2,103,554 ",,,,,,
05,00,0000,00000000,0,0,STATE,UTTARANCHAL,Urban," 417,505 "," 2,179,074 "," 1,181,334 "," 997,740 "," 287,672 "," 153,701 "," 133,971 "," 261,064 "," 138,685 "," 122,379 "," 15,920 "," 8,526 "," 7,394 "," 1,540,435 "," 894,555 "," 645,880 "," 638,639 "," 286,779 "," 351,860 "," 635,194 "," 559,466 "," 75,728 "," 576,785 "," 515,317 "," 61,468 "," 11,741 "," 8,286 "," 3,455 "," 10,190 "," 9,007 "," 1,183 "," 12,003 "," 9,101 "," 2,902 "," 542,851 "," 488,923 "," 53,928 "," 58,409 "," 44,149 "," 14,260 "," 2,173 ", 677 ," 1,496 "," 4,973 "," 3,498 "," 1,475 "," 3,591 "," 1,240 "," 2,351 "," 47,672 "," 38,734 "," 8,938 "," 1,543,880 "," 621,868 "," 922,012 ",,,,,,
06,00,0000,00000000,0,0,STATE,HARYANA,Total," 3,712,319 "," 21,144,564 "," 11,363,953 "," 9,780,611 "," 3,335,537 "," 1,833,655 "," 1,501,882 "," 4,091,110 "," 2,188,585 "," 1,902,525 ", -   , -   , -   ," 12,093,677 "," 7,480,209 "," 4,613,468 "," 9,050,887 "," 3,883,744 "," 5,167,143 "," 8,377,466 "," 5,715,526 "," 2,661,940 "," 6,241,324 "," 4,933,004 "," 1,308,320 "," 2,224,642 "," 1,647,163 "," 577,479 "," 607,871 "," 462,454 "," 145,417 "," 153,021 "," 115,120 "," 37,901 "," 3,255,790 "," 2,708,267 "," 547,523 "," 2,136,142 "," 782,522 "," 1,353,620 "," 793,372 "," 208,384 "," 584,988 "," 670,950 "," 254,679 "," 416,271 "," 61,734 "," 16,949 "," 44,785 "," 610,086 "," 302,510 "," 307,576 "," 12,767,098 "," 5,648,427 "," 7,118,671 ",,,,,,
06,00,0000,00000000,0,0,STATE,HARYANA,Rural," 2,541,980 "," 15,029,260 "," 8,052,988 "," 6,976,272 "," 2,482,148 "," 1,361,694 "," 1,120,454 "," 3,210,917 "," 1,717,071 "," 1,493,846 ", -   , -   , -   ," 7,928,453 "," 5,043,388 "," 2,885,065 "," 7,100,807 "," 3,009,600 "," 4,091,207 "," 6,451,587 "," 4,085,621 "," 2,365,966 "," 4,519,240 "," 3,425,749 "," 1,093,491 "," 2,172,951 "," 1,605,288 "," 567,663 "," 578,996 "," 439,739 "," 139,257 "," 93,672 "," 66,951 "," 26,721 "," 1,673,621 "," 1,313,771 "," 359,850 "," 1,932,347 "," 659,872 "," 1,272,475 "," 785,264 "," 206,250 "," 579,014 "," 645,407 "," 243,599 "," 401,808 "," 46,449 "," 12,471 "," 33,978 "," 455,227 "," 197,552 "," 257,675 "," 8,577,673 "," 3,967,367 "," 4,610,306 ",,,,,,
06,00,0000,00000000,0,0,STATE,HARYANA,Urban," 1,170,339 "," 6,115,304 "," 3,310,965 "," 2,804,339 "," 853,389 "," 471,961 "," 381,428 "," 880,193 "," 471,514 "," 408,679 ", -   , -   , -   ," 4,165,224 "," 2,436,821 "," 1,728,403 "," 1,950,080 "," 874,144 "," 1,075,936 "," 1,925,879 "," 1,629,905 "," 295,974 "," 1,722,084 "," 1,507,255 "," 214,829 "," 51,691 "," 41,875 "," 9,816 "," 28,875 "," 22,715 "," 6,160 "," 59,349 "," 48,169 "," 11,180 "," 1,582,169 "," 1,394,496 "," 187,673 "," 203,795 "," 122,650 "," 81,145 "," 8,108 "," 2,134 "," 5,974 "," 25,543 "," 11,080 "," 14,463 "," 15,285 "," 4,478 "," 10,807 "," 154,859 "," 104,958 "," 49,901 "," 4,189,425 "," 1,681,060 "," 2,508,365 ",,,,,,
07,00,0000,00000000,0,0,STATE,DELHI,Total," 2,733,383 "," 13,850,507 "," 7,607,234 "," 6,243,273 "," 2,016,849 "," 1,079,618 "," 937,231 "," 2,343,255 "," 1,265,182 "," 1,078,073 ", -   , -   , -   ," 9,664,764 "," 5,700,847 "," 3,963,917 "," 4,185,743 "," 1,906,387 "," 2,279,356 "," 4,545,234 "," 3,960,101 "," 585,133 "," 4,317,516 "," 3,794,345 "," 523,171 "," 31,310 "," 24,468 "," 6,842 "," 10,629 "," 8,075 "," 2,554 "," 125,977 "," 106,718 "," 19,259 "," 4,149,600 "," 3,655,084 "," 494,516 "," 227,718 "," 165,756 "," 61,962 "," 6,121 "," 2,372 "," 3,749 "," 5,144 "," 3,149 "," 1,995 "," 14,055 "," 5,804 "," 8,251 "," 202,398 "," 154,431 "," 47,967 "," 9,305,273 "," 3,647,133 "," 5,658,140 ",,,,,,
07,00,0000,00000000,0,0,STATE,DELHI,Rural," 179,804 "," 944,727 "," 522,087 "," 422,640 "," 158,160 "," 85,484 "," 72,676 "," 188,378 "," 101,500 "," 86,878 ", -   , -   , -   ," 613,951 "," 378,106 "," 235,845 "," 330,776 "," 143,981 "," 186,795 "," 301,064 "," 258,032 "," 43,032 "," 273,677 "," 240,572 "," 33,105 "," 21,557 "," 16,780 "," 4,777 "," 4,903 "," 3,897 "," 1,006 "," 5,890 "," 4,654 "," 1,236 "," 241,327 "," 215,241 "," 26,086 "," 27,387 "," 17,460 "," 9,927 "," 5,144 "," 1,973 "," 3,171 "," 3,452 "," 2,053 "," 1,399 "," 1,379 ", 537 , 842 ," 17,412 "," 12,897 "," 4,515 "," 643,663 "," 264,055 "," 379,608 ",,,,,,
07,00,0000,00000000,0,0,STATE,DELHI,Urban," 2,553,579 "," 12,905,780 "," 7,085,147 "," 5,820,633 "," 1,858,689 "," 994,134 "," 864,555 "," 2,154,877 "," 1,163,682 "," 991,195 ", -   , -   , -   ," 9,050,813 "," 5,322,741 "," 3,728,072 "," 3,854,967 "," 1,762,406 "," 2,092,561 "," 4,244,170 "," 3,702,069 "," 542,101 "," 4,043,839 "," 3,553,773 "," 490,066 "," 9,753 "," 7,688 "," 2,065 "," 5,726 "," 4,178 "," 1,548 "," 120,087 "," 102,064 "," 18,023 "," 3,908,273 "," 3,439,843 "," 468,430 "," 200,331 "," 148,296 "," 52,035 ", 977 , 399 , 578 ," 1,692 "," 1,096 ", 596 ," 12,676 "," 5,267 "," 7,409 "," 184,986 "," 141,534 "," 43,452 "," 8,661,610 "," 3,383,078 "," 5,278,532 ",,,,,,
08,00,0000,00000000,0,0,STATE,RAJASTHAN,Total," 9,317,675 "," 56,507,188 "," 29,420,011 "," 27,087,177 "," 10,651,002 "," 5,579,616 "," 5,071,386 "," 9,694,462 "," 5,067,679 "," 4,626,783 "," 7,097,706 "," 3,650,982 "," 3,446,724 "," 27,702,010 "," 18,047,157 "," 9,654,853 "," 28,805,178 "," 11,372,854 "," 17,432,324 "," 23,766,655 "," 14,695,802 "," 9,070,853 "," 17,436,888 "," 12,841,318 "," 4,595,570 "," 9,582,029 "," 6,210,884 "," 3,371,145 "," 1,008,417 "," 654,162 "," 354,255 "," 501,312 "," 373,083 "," 128,229 "," 6,345,130 "," 5,603,189 "," 741,941 "," 6,329,767 "," 1,854,484 "," 4,475,283 "," 3,558,037 "," 851,842 "," 2,706,195 "," 1,515,302 "," 401,170 "," 1,114,132 "," 176,679 "," 46,445 "," 130,234 "," 1,079,749 "," 555,027 "," 524,722 "," 32,740,533 "," 14,724,209 "," 18,016,324 ",,,,,,
08,00,0000,00000000,0,0,STATE,RAJASTHAN,Rural," 7,054,434 "," 43,292,813 "," 22,426,640 "," 20,866,173 "," 8,587,389 "," 4,486,277 "," 4,101,112 "," 7,739,926 "," 4,042,156 "," 3,697,770 "," 6,717,830 "," 3,445,719 "," 3,272,111 "," 19,205,424 "," 12,946,326 "," 6,259,098 "," 24,087,389 "," 9,480,314 "," 14,607,075 "," 19,856,423 "," 11,379,536 "," 8,476,887 "," 13,962,042 "," 9,771,540 "," 4,190,502 "," 9,407,373 "," 6,089,141 "," 3,318,232 "," 965,480 "," 623,075 "," 342,405 "," 317,220 "," 235,591 "," 81,629 "," 3,271,969 "," 2,823,733 "," 448,236 "," 5,894,381 "," 1,607,996 "," 4,286,385 "," 3,514,001 "," 842,224 "," 2,671,777 "," 1,471,086 "," 386,076 "," 1,085,010 "," 129,471 "," 33,689 "," 95,782 "," 779,823 "," 346,007 "," 433,816 "," 23,436,390 "," 11,047,104 "," 12,389,286 ",,,,,,
08,00,0000,00000000,0,0,STATE,RAJASTHAN,Urban," 2,263,241 "," 13,214,375 "," 6,993,371 "," 6,221,004 "," 2,063,613 "," 1,093,339 "," 970,274 "," 1,954,536 "," 1,025,523 "," 929,013 "," 379,876 "," 205,263 "," 174,613 "," 8,496,586 "," 5,100,831 "," 3,395,755 "," 4,717,789 "," 1,892,540 "," 2,825,249 "," 3,910,232 "," 3,316,266 "," 593,966 "," 3,474,846 "," 3,069,778 "," 405,068 "," 174,656 "," 121,743 "," 52,913 "," 42,937 "," 31,087 "," 11,850 "," 184,092 "," 137,492 "," 46,600 "," 3,073,161 "," 2,779,456 "," 293,705 "," 435,386 "," 246,488 "," 188,898 "," 44,036 "," 9,618 "," 34,418 "," 44,216 "," 15,094 "," 29,122 "," 47,208 "," 12,756 "," 34,452 "," 299,926 "," 209,020 "," 90,906 "," 9,304,143 "," 3,677,105 "," 5,627,038 ",,,,,,
09,00,0000,00000000,0,0,STATE,UTTAR PRADESH,Total," 25,757,640 "," 166,197,921 "," 87,565,369 "," 78,632,552 "," 31,624,628 "," 16,509,033 "," 15,115,595 "," 35,148,377 "," 18,502,838 "," 16,645,539 "," 107,963 "," 55,834 "," 52,129 "," 75,719,284 "," 48,901,413 "," 26,817,871 "," 90,478,637 "," 38,663,956 "," 51,814,681 "," 53,983,824 "," 40,981,558 "," 13,002,266 "," 39,337,649 "," 34,338,260 "," 4,999,389 "," 18,479,865 "," 16,326,802 "," 2,153,063 "," 5,956,547 "," 4,816,377 "," 1,140,170 "," 2,091,956 "," 1,611,880 "," 480,076 "," 12,809,281 "," 11,583,201 "," 1,226,080 "," 14,646,175 "," 6,643,298 "," 8,002,877 "," 3,687,697 "," 1,153,085 "," 2,534,612 "," 7,444,364 "," 3,429,222 "," 4,015,142 "," 939,208 "," 334,665 "," 604,543 "," 2,574,906 "," 1,726,326 "," 848,580 "," 112,214,097 "," 46,583,811 "," 65,630,286 ",,,,,,
09,00,0000,00000000,0,0,STATE,UTTAR PRADESH,Rural," 20,373,081 "," 131,658,339 "," 69,157,470 "," 62,500,869 "," 26,259,213 "," 13,670,442 "," 12,588,771 "," 30,816,596 "," 16,184,840 "," 14,631,756 "," 95,828 "," 49,276 "," 46,552 "," 55,369,784 "," 36,950,179 "," 18,419,605 "," 76,288,555 "," 32,207,291 "," 44,081,264 "," 44,675,952 "," 32,770,685 "," 11,905,267 "," 31,242,754 "," 26,975,069 "," 4,267,685 "," 18,105,974 "," 15,985,894 "," 2,120,080 "," 5,667,495 "," 4,556,706 "," 1,110,789 "," 1,416,126 "," 1,079,960 "," 336,166 "," 6,053,159 "," 5,352,509 "," 700,650 "," 13,433,198 "," 5,795,616 "," 7,637,582 "," 3,648,825 "," 1,136,553 "," 2,512,272 "," 7,263,822 "," 3,312,342 "," 3,951,480 "," 747,771 "," 260,459 "," 487,312 "," 1,772,780 "," 1,086,262 "," 686,518 "," 86,982,387 "," 36,386,785 "," 50,595,602 ",,,,,,
09,00,0000,00000000,0,0,STATE,UTTAR PRADESH,Urban," 5,384,559 "," 34,539,582 "," 18,407,899 "," 16,131,683 "," 5,365,415 "," 2,838,591 "," 2,526,824 "," 4,331,781 "," 2,317,998 "," 2,013,783 "," 12,135 "," 6,558 "," 5,577 "," 20,349,500 "," 11,951,234 "," 8,398,266 "," 14,190,082 "," 6,456,665 "," 7,733,417 "," 9,307,872 "," 8,210,873 "," 1,096,999 "," 8,094,895 "," 7,363,191 "," 731,704 "," 373,891 "," 340,908 "," 32,983 "," 289,052 "," 259,671 "," 29,381 "," 675,830 "," 531,920 "," 143,910 "," 6,756,122 "," 6,230,692 "," 525,430 "," 1,212,977 "," 847,682 "," 365,295 "," 38,872 "," 16,532 "," 22,340 "," 180,542 "," 116,880 "," 63,662 "," 191,437 "," 74,206 "," 117,231 "," 802,126 "," 640,064 "," 162,062 "," 25,231,710 "," 10,197,026 "," 15,034,684 ",,,,,,
10,00,0000,00000000,0,0,STATE,BIHAR,Total," 13,744,130 "," 82,998,509 "," 43,243,795 "," 39,754,714 "," 16,806,063 "," 8,652,705 "," 8,153,358 "," 13,048,608 "," 6,784,676 "," 6,263,932 "," 758,351 "," 393,114 "," 365,237 "," 31,109,577 "," 20,644,376 "," 10,465,201 "," 51,888,932 "," 22,599,419 "," 29,289,513 "," 27,974,606 "," 20,483,003 "," 7,491,603 "," 21,052,875 "," 17,511,018 "," 3,541,857 "," 6,770,073 "," 5,949,328 "," 820,745 "," 9,020,151 "," 6,881,169 "," 2,138,982 "," 749,348 "," 550,521 "," 198,827 "," 4,513,303 "," 4,130,000 "," 383,303 "," 6,921,731 "," 2,971,985 "," 3,949,746 "," 1,423,548 "," 507,937 "," 915,611 "," 4,397,593 "," 1,849,082 "," 2,548,511 "," 351,076 "," 106,141 "," 244,935 "," 749,514 "," 508,825 "," 240,689 "," 55,023,903 "," 22,760,792 "," 32,263,111 ",,,,,,
10,00,0000,00000000,0,0,STATE,BIHAR,Rural," 12,407,132 "," 74,316,709 "," 38,594,996 "," 35,721,713 "," 15,398,489 "," 7,921,089 "," 7,477,400 "," 12,178,555 "," 6,321,221 "," 5,857,334 "," 717,702 "," 371,009 "," 346,693 "," 25,876,919 "," 17,513,010 "," 8,363,909 "," 48,439,790 "," 21,081,986 "," 27,357,804 "," 25,752,569 "," 18,544,822 "," 7,207,747 "," 19,112,829 "," 15,760,425 "," 3,352,404 "," 6,666,603 "," 5,855,374 "," 811,229 "," 8,831,413 "," 6,730,061 "," 2,101,352 "," 638,347 "," 464,633 "," 173,714 "," 2,976,466 "," 2,710,357 "," 266,109 "," 6,639,740 "," 2,784,397 "," 3,855,343 "," 1,408,501 "," 500,075 "," 908,426 "," 4,314,226 "," 1,802,944 "," 2,511,282 "," 317,220 "," 92,035 "," 225,185 "," 599,793 "," 389,343 "," 210,450 "," 48,564,140 "," 20,050,174 "," 28,513,966 ",,,,,,
10,00,0000,00000000,0,0,STATE,BIHAR,Urban," 1,336,998 "," 8,681,800 "," 4,648,799 "," 4,033,001 "," 1,407,574 "," 731,616 "," 675,958 "," 870,053 "," 463,455 "," 406,598 "," 40,649 "," 22,105 "," 18,544 "," 5,232,658 "," 3,131,366 "," 2,101,292 "," 3,449,142 "," 1,517,433 "," 1,931,709 "," 2,222,037 "," 1,938,181 "," 283,856 "," 1,940,046 "," 1,750,593 "," 189,453 "," 103,470 "," 93,954 "," 9,516 "," 188,738 "," 151,108 "," 37,630 "," 111,001 "," 85,888 "," 25,113 "," 1,536,837 "," 1,419,643 "," 117,194 "," 281,991 "," 187,588 "," 94,403 "," 15,047 "," 7,862 "," 7,185 "," 83,367 "," 46,138 "," 37,229 "," 33,856 "," 14,106 "," 19,750 "," 149,721 "," 119,482 "," 30,239 "," 6,459,763 "," 2,710,618 "," 3,749,145 ",,,,,,
11,00,0000,00000000,0,0,STATE,SIKKIM,Total," 114,223 "," 540,851 "," 288,484 "," 252,367 "," 78,195 "," 39,842 "," 38,353 "," 27,165 "," 13,807 "," 13,358 "," 111,405 "," 56,940 "," 54,465 "," 318,335 "," 189,060 "," 129,275 "," 222,516 "," 99,424 "," 123,092 "," 263,043 "," 165,716 "," 97,327 "," 212,904 "," 146,541 "," 66,363 "," 101,200 "," 59,846 "," 41,354 "," 9,081 "," 5,977 "," 3,104 "," 3,168 "," 2,433 ", 735 ," 99,455 "," 78,285 "," 21,170 "," 50,139 "," 19,175 "," 30,964 "," 30,058 "," 10,261 "," 19,797 "," 7,919 "," 2,785 "," 5,134 "," 1,051 ", 416 , 635 ," 11,111 "," 5,713 "," 5,398 "," 277,808 "," 122,768 "," 155,040 ",,,,,,
11,00,0000,00000000,0,0,STATE,SIKKIM,Rural," 101,225 "," 480,981 "," 255,774 "," 225,207 "," 72,017 "," 36,627 "," 35,390 "," 23,872 "," 12,146 "," 11,726 "," 101,909 "," 52,249 "," 49,660 "," 273,282 "," 163,161 "," 110,121 "," 207,699 "," 92,613 "," 115,086 "," 239,002 "," 147,560 "," 91,442 "," 190,656 "," 129,679 "," 60,977 "," 101,152 "," 59,816 "," 41,336 "," 9,038 "," 5,947 "," 3,091 "," 2,918 "," 2,248 ", 670 ," 77,548 "," 61,668 "," 15,880 "," 48,346 "," 17,881 "," 30,465 "," 30,049 "," 10,258 "," 19,791 "," 7,914 "," 2,783 "," 5,131 "," 1,016 ", 396 , 620 ," 9,367 "," 4,444 "," 4,923 "," 241,979 "," 108,214 "," 133,765 ",,,,,,
11,00,0000,00000000,0,0,STATE,SIKKIM,Urban," 12,998 "," 59,870 "," 32,710 "," 27,160 "," 6,178 "," 3,215 "," 2,963 "," 3,293 "," 1,661 "," 1,632 "," 9,496 "," 4,691 "," 4,805 "," 45,053 "," 25,899 "," 19,154 "," 14,817 "," 6,811 "," 8,006 "," 24,041 "," 18,156 "," 5,885 "," 22,248 "," 16,862 "," 5,386 ", 48 , 30 , 18 , 43 , 30 , 13 , 250 , 185 , 65 ," 21,907 "," 16,617 "," 5,290 "," 1,793 "," 1,294 ", 499 , 9 , 3 , 6 , 5 , 2 , 3 , 35 , 20 , 15 ," 1,744 "," 1,269 ", 475 ," 35,829 "," 14,554 "," 21,275 ",,,,,,
12,00,0000,00000000,0,0,STATE,ARUNACHAL PRADESH,Total," 215,574 "," 1,097,968 "," 579,941 "," 518,027 "," 205,871 "," 104,833 "," 101,038 "," 6,188 "," 3,590 "," 2,598 "," 705,158 "," 352,017 "," 353,141 "," 484,785 "," 303,281 "," 181,504 "," 613,183 "," 276,660 "," 336,523 "," 482,902 "," 293,612 "," 189,290 "," 415,007 "," 267,384 "," 147,623 "," 234,847 "," 121,349 "," 113,498 "," 10,649 "," 7,081 "," 3,568 "," 4,152 "," 2,628 "," 1,524 "," 165,359 "," 136,326 "," 29,033 "," 67,895 "," 26,228 "," 41,667 "," 44,453 "," 14,987 "," 29,466 "," 8,191 "," 3,248 "," 4,943 "," 1,891 ", 549 ," 1,342 "," 13,360 "," 7,444 "," 5,916 "," 615,066 "," 286,329 "," 328,737 ",,,,,,
12,00,0000,00000000,0,0,STATE,ARUNACHAL PRADESH,Rural," 166,468 "," 870,087 "," 454,680 "," 415,407 "," 169,029 "," 86,230 "," 82,799 "," 3,062 "," 1,769 "," 1,293 "," 606,278 "," 303,072 "," 303,206 "," 335,284 "," 212,415 "," 122,869 "," 534,803 "," 242,265 "," 292,538 "," 402,010 "," 230,320 "," 171,690 "," 340,027 "," 207,110 "," 132,917 "," 231,713 "," 119,823 "," 111,890 "," 9,969 "," 6,574 "," 3,395 "," 3,266 "," 1,955 "," 1,311 "," 95,079 "," 78,758 "," 16,321 "," 61,983 "," 23,210 "," 38,773 "," 43,690 "," 14,721 "," 28,969 "," 7,665 "," 3,015 "," 4,650 "," 1,520 ", 449 ," 1,071 "," 9,108 "," 5,025 "," 4,083 "," 468,077 "," 224,360 "," 243,717 ",,,,,,
12,00,0000,00000000,0,0,STATE,ARUNACHAL PRADESH,Urban," 49,106 "," 227,881 "," 125,261 "," 102,620 "," 36,842 "," 18,603 "," 18,239 "," 3,126 "," 1,821 "," 1,305 "," 98,880 "," 48,945 "," 49,935 "," 149,501 "," 90,866 "," 58,635 "," 78,380 "," 34,395 "," 43,985 "," 80,892 "," 63,292 "," 17,600 "," 74,980 "," 60,274 "," 14,706 "," 3,134 "," 1,526 "," 1,608 ", 680 , 507 , 173 , 886 , 673 , 213 ," 70,280 "," 57,568 "," 12,712 "," 5,912 "," 3,018 "," 2,894 ", 763 , 266 , 497 , 526 , 233 , 293 , 371 , 100 , 271 ," 4,252 "," 2,419 "," 1,833 "," 146,989 "," 61,969 "," 85,020 ",,,,,,
13,00,0000,00000000,0,0,STATE,NAGALAND,Total," 328,057 "," 1,990,036 "," 1,047,141 "," 942,895 "," 289,678 "," 147,524 "," 142,154 ", -   , -   , -   ," 1,774,026 "," 913,203 "," 860,823 "," 1,132,323 "," 640,201 "," 492,122 "," 857,713 "," 406,940 "," 450,773 "," 847,796 "," 488,968 "," 358,828 "," 703,977 "," 424,811 "," 279,166 "," 458,677 "," 232,652 "," 226,025 "," 12,059 "," 7,330 "," 4,729 "," 11,560 "," 5,933 "," 5,627 "," 221,681 "," 178,896 "," 42,785 "," 143,819 "," 64,157 "," 79,662 "," 90,168 "," 38,275 "," 51,893 "," 18,848 "," 8,655 "," 10,193 "," 10,313 "," 3,260 "," 7,053 "," 24,490 "," 13,967 "," 10,523 "," 1,142,240 "," 558,173 "," 584,067 ",,,,,,
13,00,0000,00000000,0,0,STATE,NAGALAND,Rural," 263,129 "," 1,647,249 "," 859,716 "," 787,533 "," 241,197 "," 122,519 "," 118,678 ", -   , -   , -   ," 1,544,022 "," 795,008 "," 749,014 "," 882,926 "," 498,181 "," 384,745 "," 764,323 "," 361,535 "," 402,788 "," 741,439 "," 406,859 "," 334,580 "," 608,335 "," 348,972 "," 259,363 "," 455,548 "," 231,208 "," 224,340 "," 11,505 "," 7,024 "," 4,481 "," 9,560 "," 4,840 "," 4,720 "," 131,722 "," 105,900 "," 25,822 "," 133,104 "," 57,887 "," 75,217 "," 88,404 "," 37,548 "," 50,856 "," 18,367 "," 8,430 "," 9,937 "," 9,052 "," 2,810 "," 6,242 "," 17,281 "," 9,099 "," 8,182 "," 905,810 "," 452,857 "," 452,953 ",,,,,,
13,00,0000,00000000,0,0,STATE,NAGALAND,Urban," 64,928 "," 342,787 "," 187,425 "," 155,362 "," 48,481 "," 25,005 "," 23,476 ", -   , -   , -   ," 230,004 "," 118,195 "," 111,809 "," 249,397 "," 142,020 "," 107,377 "," 93,390 "," 45,405 "," 47,985 "," 106,357 "," 82,109 "," 24,248 "," 95,642 "," 75,839 "," 19,803 "," 3,129 "," 1,444 "," 1,685 ", 554 , 306 , 248 ," 2,000 "," 1,093 ", 907 ," 89,959 "," 72,996 "," 16,963 "," 10,715 "," 6,270 "," 4,445 "," 1,764 ", 727 ," 1,037 ", 481 , 225 , 256 ," 1,261 ", 450 , 811 ," 7,209 "," 4,868 "," 2,341 "," 236,430 "," 105,316 "," 131,114 ",,,,,,
14,00,0000,00000000,0,0,STATE,MANIPUR (Excl. 3 Sub-divisions),Total," 375,095 "," 2,166,788 "," 1,095,634 "," 1,071,154 "," 308,585 "," 157,682 "," 150,903 "," 60,037 "," 29,934 "," 30,103 "," 741,141 "," 374,319 "," 366,822 "," 1,310,534 "," 753,466 "," 557,068 "," 856,254 "," 342,168 "," 514,086 "," 945,213 "," 527,216 "," 417,997 "," 659,364 "," 430,227 "," 229,137 "," 285,809 "," 174,869 "," 110,940 "," 41,819 "," 25,387 "," 16,432 "," 43,163 "," 14,337 "," 28,826 "," 288,573 "," 215,634 "," 72,939 "," 285,849 "," 96,989 "," 188,860 "," 93,896 "," 39,413 "," 54,483 "," 71,811 "," 24,541 "," 47,270 "," 53,757 "," 6,210 "," 47,547 "," 66,385 "," 26,825 "," 39,560 "," 1,221,575 "," 568,418 "," 653,157 ",,,,,,
14,00,0000,00000000,0,0,STATE,MANIPUR (Excl. 3 Sub-divisions),Rural," 273,098 "," 1,590,820 "," 808,953 "," 781,867 "," 233,675 "," 119,486 "," 114,189 "," 20,802 "," 10,595 "," 10,207 "," 705,912 "," 357,052 "," 348,860 "," 913,282 "," 533,038 "," 380,244 "," 677,538 "," 275,915 "," 401,623 "," 723,087 "," 398,374 "," 324,713 "," 494,747 "," 320,432 "," 174,315 "," 265,648 "," 160,445 "," 105,203 "," 33,409 "," 20,353 "," 13,056 "," 27,684 "," 9,061 "," 18,623 "," 168,006 "," 130,573 "," 37,433 "," 228,340 "," 77,942 "," 150,398 "," 84,958 "," 35,425 "," 49,533 "," 59,111 "," 20,114 "," 38,997 "," 40,202 "," 4,679 "," 35,523 "," 44,069 "," 17,724 "," 26,345 "," 867,733 "," 410,579 "," 457,154 ",,,,,,
14,00,0000,00000000,0,0,STATE,MANIPUR (Excl. 3 Sub-divisions),Urban," 101,997 "," 575,968 "," 286,681 "," 289,287 "," 74,910 "," 38,196 "," 36,714 "," 39,235 "," 19,339 "," 19,896 "," 35,229 "," 17,267 "," 17,962 "," 397,252 "," 220,428 "," 176,824 "," 178,716 "," 66,253 "," 112,463 "," 222,126 "," 128,842 "," 93,284 "," 164,617 "," 109,795 "," 54,822 "," 20,161 "," 14,424 "," 5,737 "," 8,410 "," 5,034 "," 3,376 "," 15,479 "," 5,276 "," 10,203 "," 120,567 "," 85,061 "," 35,506 "," 57,509 "," 19,047 "," 38,462 "," 8,938 "," 3,988 "," 4,950 "," 12,700 "," 4,427 "," 8,273 "," 13,555 "," 1,531 "," 12,024 "," 22,316 "," 9,101 "," 13,215 "," 353,842 "," 157,839 "," 196,003 ",,,,,,
15,00,0000,00000000,0,0,STATE,MIZORAM,Total," 176,134 "," 888,573 "," 459,109 "," 429,464 "," 143,734 "," 73,176 "," 70,558 ", 272 , 212 , 60 ," 839,310 "," 422,963 "," 416,347 "," 661,445 "," 350,105 "," 311,340 "," 227,128 "," 109,004 "," 118,124 "," 467,159 "," 263,008 "," 204,151 "," 362,450 "," 225,428 "," 137,022 "," 202,875 "," 113,014 "," 89,861 "," 10,840 "," 6,710 "," 4,130 "," 4,372 "," 2,747 "," 1,625 "," 144,363 "," 102,957 "," 41,406 "," 104,709 "," 37,580 "," 67,129 "," 53,457 "," 17,483 "," 35,974 "," 15,943 "," 6,065 "," 9,878 "," 2,728 ", 729 ," 1,999 "," 32,581 "," 13,303 "," 19,278 "," 421,414 "," 196,101 "," 225,313 ",,,,,,
15,00,0000,00000000,0,0,STATE,MIZORAM,Rural," 86,951 "," 447,567 "," 232,726 "," 214,841 "," 80,466 "," 40,947 "," 39,519 ", 65 , 62 , 3 ," 430,883 "," 219,919 "," 210,964 "," 298,339 "," 162,880 "," 135,459 "," 149,228 "," 69,846 "," 79,382 "," 256,044 "," 138,855 "," 117,189 "," 201,599 "," 120,662 "," 80,937 "," 164,634 "," 91,829 "," 72,805 "," 4,051 "," 2,598 "," 1,453 "," 1,474 "," 1,043 ", 431 ," 31,440 "," 25,192 "," 6,248 "," 54,445 "," 18,193 "," 36,252 "," 42,476 "," 13,641 "," 28,835 "," 5,626 "," 2,090 "," 3,536 "," 1,178 ", 303 , 875 ," 5,165 "," 2,159 "," 3,006 "," 191,523 "," 93,871 "," 97,652 ",,,,,,
15,00,0000,00000000,0,0,STATE,MIZORAM,Urban," 89,183 "," 441,006 "," 226,383 "," 214,623 "," 63,268 "," 32,229 "," 31,039 ", 207 , 150 , 57 ," 408,427 "," 203,044 "," 205,383 "," 363,106 "," 187,225 "," 175,881 "," 77,900 "," 39,158 "," 38,742 "," 211,115 "," 124,153 "," 86,962 "," 160,851 "," 104,766 "," 56,085 "," 38,241 "," 21,185 "," 17,056 "," 6,789 "," 4,112 "," 2,677 "," 2,898 "," 1,704 "," 1,194 "," 112,923 "," 77,765 "," 35,158 "," 50,264 "," 19,387 "," 30,877 "," 10,981 "," 3,842 "," 7,139 "," 10,317 "," 3,975 "," 6,342 "," 1,550 ", 426 ," 1,124 "," 27,416 "," 11,144 "," 16,272 "," 229,891 "," 102,230 "," 127,661 ",,,,,,
16,00,0000,00000000,0,0,STATE,TRIPURA,Total," 664,334 "," 3,199,203 "," 1,642,225 "," 1,556,978 "," 436,446 "," 222,002 "," 214,444 "," 555,724 "," 283,186 "," 272,538 "," 993,426 "," 504,320 "," 489,106 "," 2,022,099 "," 1,150,707 "," 871,392 "," 1,177,104 "," 491,518 "," 685,586 "," 1,159,561 "," 831,346 "," 328,215 "," 912,292 "," 742,054 "," 170,238 "," 252,343 "," 203,826 "," 48,517 "," 168,519 "," 127,177 "," 41,342 "," 19,896 "," 12,201 "," 7,695 "," 471,534 "," 398,850 "," 72,684 "," 247,269 "," 89,292 "," 157,977 "," 60,957 "," 17,136 "," 43,821 "," 107,613 "," 35,463 "," 72,150 "," 15,396 "," 2,629 "," 12,767 "," 63,303 "," 34,064 "," 29,239 "," 2,039,642 "," 810,879 "," 1,228,763 ",,,,,,
16,00,0000,00000000,0,0,STATE,TRIPURA,Rural," 539,713 "," 2,653,453 "," 1,363,638 "," 1,289,815 "," 383,177 "," 194,660 "," 188,517 "," 455,623 "," 232,667 "," 222,956 "," 967,997 "," 491,080 "," 476,917 "," 1,582,775 "," 916,514 "," 666,261 "," 1,070,678 "," 447,124 "," 623,554 "," 982,447 "," 687,482 "," 294,965 "," 747,822 "," 606,103 "," 141,719 "," 250,116 "," 201,744 "," 48,372 "," 166,014 "," 124,981 "," 41,033 "," 17,658 "," 10,728 "," 6,930 "," 314,034 "," 268,650 "," 45,384 "," 234,625 "," 81,379 "," 153,246 "," 60,755 "," 17,020 "," 43,735 "," 106,698 "," 34,756 "," 71,942 "," 14,438 "," 2,406 "," 12,032 "," 52,734 "," 27,197 "," 25,537 "," 1,671,006 "," 676,156 "," 994,850 ",,,,,,
16,00,0000,00000000,0,0,STATE,TRIPURA,Urban," 124,621 "," 545,750 "," 278,587 "," 267,163 "," 53,269 "," 27,342 "," 25,927 "," 100,101 "," 50,519 "," 49,582 "," 25,429 "," 13,240 "," 12,189 "," 439,324 "," 234,193 "," 205,131 "," 106,426 "," 44,394 "," 62,032 "," 177,114 "," 143,864 "," 33,250 "," 164,470 "," 135,951 "," 28,519 "," 2,227 "," 2,082 ", 145 ," 2,505 "," 2,196 ", 309 ," 2,238 "," 1,473 ", 765 ," 157,500 "," 130,200 "," 27,300 "," 12,644 "," 7,913 "," 4,731 ", 202 , 116 , 86 , 915 , 707 , 208 , 958 , 223 , 735 ," 10,569 "," 6,867 "," 3,702 "," 368,636 "," 134,723 "," 233,913 ",,,,,,
17,00,0000,00000000,0,0,STATE,MEGHALAYA,Total," 418,850 "," 2,318,822 "," 1,176,087 "," 1,142,735 "," 467,979 "," 237,215 "," 230,764 "," 11,139 "," 5,920 "," 5,219 "," 1,992,862 "," 996,567 "," 996,295 "," 1,157,875 "," 614,272 "," 543,603 "," 1,160,947 "," 561,815 "," 599,132 "," 970,146 "," 568,491 "," 401,655 "," 757,011 "," 485,694 "," 271,317 "," 380,321 "," 224,551 "," 155,770 "," 94,938 "," 60,188 "," 34,750 "," 13,917 "," 7,476 "," 6,441 "," 267,835 "," 193,479 "," 74,356 "," 213,135 "," 82,797 "," 130,338 "," 86,689 "," 30,467 "," 56,222 "," 76,756 "," 30,700 "," 46,056 "," 7,308 "," 1,882 "," 5,426 "," 42,382 "," 19,748 "," 22,634 "," 1,348,676 "," 607,596 "," 741,080 ",,,,,,
17,00,0000,00000000,0,0,STATE,MEGHALAYA,Rural," 333,119 "," 1,864,711 "," 946,999 "," 917,712 "," 400,563 "," 202,981 "," 197,582 "," 7,065 "," 3,750 "," 3,315 "," 1,682,670 "," 846,830 "," 835,840 "," 824,173 "," 440,755 "," 383,418 "," 1,040,538 "," 506,244 "," 534,294 "," 822,531 "," 468,095 "," 354,436 "," 626,538 "," 393,364 "," 233,174 "," 376,107 "," 221,967 "," 154,140 "," 91,644 "," 58,144 "," 33,500 "," 12,035 "," 6,151 "," 5,884 "," 146,752 "," 107,102 "," 39,650 "," 195,993 "," 74,731 "," 121,262 "," 84,419 "," 29,643 "," 54,776 "," 72,974 "," 29,029 "," 43,945 "," 6,691 "," 1,655 "," 5,036 "," 31,909 "," 14,404 "," 17,505 "," 1,042,180 "," 478,904 "," 563,276 ",,,,,,
17,00,0000,00000000,0,0,STATE,MEGHALAYA,Urban," 85,731 "," 454,111 "," 229,088 "," 225,023 "," 67,416 "," 34,234 "," 33,182 "," 4,074 "," 2,170 "," 1,904 "," 310,192 "," 149,737 "," 160,455 "," 333,702 "," 173,517 "," 160,185 "," 120,409 "," 55,571 "," 64,838 "," 147,615 "," 100,396 "," 47,219 "," 130,473 "," 92,330 "," 38,143 "," 4,214 "," 2,584 "," 1,630 "," 3,294 "," 2,044 "," 1,250 "," 1,882 "," 1,325 ", 557 ," 121,083 "," 86,377 "," 34,706 "," 17,142 "," 8,066 "," 9,076 "," 2,270 ", 824 ," 1,446 "," 3,782 "," 1,671 "," 2,111 ", 617 , 227 , 390 ," 10,473 "," 5,344 "," 5,129 "," 306,496 "," 128,692 "," 177,804 ",,,,,,
18,00,0000,00000000,0,0,STATE,ASSAM,Total," 4,914,823 "," 26,655,528 "," 13,777,037 "," 12,878,491 "," 4,498,075 "," 2,289,116 "," 2,208,959 "," 1,825,949 "," 943,674 "," 882,275 "," 3,308,570 "," 1,678,117 "," 1,630,453 "," 14,015,354 "," 8,188,697 "," 5,826,657 "," 12,640,174 "," 5,588,340 "," 7,051,834 "," 9,538,591 "," 6,870,960 "," 2,667,631 "," 7,114,097 "," 5,849,032 "," 1,265,065 "," 2,680,092 "," 2,238,423 "," 441,669 "," 636,351 "," 540,769 "," 95,582 "," 181,120 "," 106,681 "," 74,439 "," 3,616,534 "," 2,963,159 "," 653,375 "," 2,424,494 "," 1,021,928 "," 1,402,566 "," 1,050,681 "," 395,645 "," 655,036 "," 627,181 "," 291,739 "," 335,442 "," 163,792 "," 27,221 "," 136,571 "," 582,840 "," 307,323 "," 275,517 "," 17,116,937 "," 6,906,077 "," 10,210,860 ",,,,,,
18,00,0000,00000000,0,0,STATE,ASSAM,Rural," 4,203,976 "," 23,216,288 "," 11,939,945 "," 11,276,343 "," 4,104,407 "," 2,086,499 "," 2,017,908 "," 1,553,691 "," 802,548 "," 751,143 "," 3,154,546 "," 1,598,267 "," 1,556,279 "," 11,416,293 "," 6,721,956 "," 4,694,337 "," 11,799,995 "," 5,217,989 "," 6,582,006 "," 8,396,769 "," 5,899,204 "," 2,497,565 "," 6,050,639 "," 4,926,395 "," 1,124,244 "," 2,665,397 "," 2,226,342 "," 439,055 "," 630,289 "," 535,856 "," 94,433 "," 157,527 "," 90,855 "," 66,672 "," 2,597,426 "," 2,073,342 "," 524,084 "," 2,346,130 "," 972,809 "," 1,373,321 "," 1,047,372 "," 393,992 "," 653,380 "," 623,162 "," 289,702 "," 333,460 "," 156,079 "," 24,995 "," 131,084 "," 519,517 "," 264,120 "," 255,397 "," 14,819,519 "," 6,040,741 "," 8,778,778 ",,,,,,
18,00,0000,00000000,0,0,STATE,ASSAM,Urban," 710,847 "," 3,439,240 "," 1,837,092 "," 1,602,148 "," 393,668 "," 202,617 "," 191,051 "," 272,258 "," 141,126 "," 131,132 "," 154,024 "," 79,850 "," 74,174 "," 2,599,061 "," 1,466,741 "," 1,132,320 "," 840,179 "," 370,351 "," 469,828 "," 1,141,822 "," 971,756 "," 170,066 "," 1,063,458 "," 922,637 "," 140,821 "," 14,695 "," 12,081 "," 2,614 "," 6,062 "," 4,913 "," 1,149 "," 23,593 "," 15,826 "," 7,767 "," 1,019,108 "," 889,817 "," 129,291 "," 78,364 "," 49,119 "," 29,245 "," 3,309 "," 1,653 "," 1,656 "," 4,019 "," 2,037 "," 1,982 "," 7,713 "," 2,226 "," 5,487 "," 63,323 "," 43,203 "," 20,120 "," 2,297,418 "," 865,336 "," 1,432,082 ",,,,,,
19,00,0000,00000000,0,0,STATE,WEST BENGAL,Total," 15,872,083 "," 80,176,197 "," 41,465,985 "," 38,710,212 "," 11,414,222 "," 5,824,180 "," 5,590,042 "," 18,452,555 "," 9,469,659 "," 8,982,896 "," 4,406,794 "," 2,223,924 "," 2,182,870 "," 47,196,401 "," 27,452,426 "," 19,743,975 "," 32,979,796 "," 14,013,559 "," 18,966,237 "," 29,481,690 "," 22,388,044 "," 7,093,646 "," 23,023,583 "," 19,494,971 "," 3,528,612 "," 4,556,026 "," 4,182,888 "," 373,138 "," 4,522,934 "," 3,744,905 "," 778,029 "," 1,436,378 "," 778,046 "," 658,332 "," 12,508,245 "," 10,789,132 "," 1,719,113 "," 6,458,107 "," 2,893,073 "," 3,565,034 "," 1,097,896 "," 472,322 "," 625,574 "," 2,840,023 "," 1,335,331 "," 1,504,692 "," 735,692 "," 139,134 "," 596,558 "," 1,784,496 "," 946,286 "," 838,210 "," 50,694,507 "," 19,077,941 "," 31,616,566 ",,,,,,
19,00,0000,00000000,0,0,STATE,WEST BENGAL,Rural," 11,270,822 "," 57,748,946 "," 29,616,009 "," 28,132,937 "," 9,119,003 "," 4,645,812 "," 4,473,191 "," 15,524,925 "," 7,950,837 "," 7,574,088 "," 4,136,366 "," 2,085,231 "," 2,051,135 "," 30,840,027 "," 18,261,386 "," 12,578,641 "," 26,908,919 "," 11,354,623 "," 15,554,296 "," 21,889,642 "," 16,019,881 "," 5,869,761 "," 16,106,580 "," 13,551,865 "," 2,554,715 "," 4,497,477 "," 4,133,017 "," 364,460 "," 4,444,915 "," 3,678,911 "," 766,004 "," 1,085,976 "," 557,679 "," 528,297 "," 6,078,212 "," 5,182,258 "," 895,954 "," 5,783,062 "," 2,468,016 "," 3,315,046 "," 1,088,371 "," 466,401 "," 621,970 "," 2,795,602 "," 1,305,999 "," 1,489,603 "," 632,347 "," 107,408 "," 524,939 "," 1,266,742 "," 588,208 "," 678,534 "," 35,859,304 "," 13,596,128 "," 22,263,176 ",,,,,,
19,00,0000,00000000,0,0,STATE,WEST BENGAL,Urban," 4,601,261 "," 22,427,251 "," 11,849,976 "," 10,577,275 "," 2,295,219 "," 1,178,368 "," 1,116,851 "," 2,927,630 "," 1,518,822 "," 1,408,808 "," 270,428 "," 138,693 "," 131,735 "," 16,356,374 "," 9,191,040 "," 7,165,334 "," 6,070,877 "," 2,658,936 "," 3,411,941 "," 7,592,048 "," 6,368,163 "," 1,223,885 "," 6,917,003 "," 5,943,106 "," 973,897 "," 58,549 "," 49,871 "," 8,678 "," 78,019 "," 65,994 "," 12,025 "," 350,402 "," 220,367 "," 130,035 "," 6,430,033 "," 5,606,874 "," 823,159 "," 675,045 "," 425,057 "," 249,988 "," 9,525 "," 5,921 "," 3,604 "," 44,421 "," 29,332 "," 15,089 "," 103,345 "," 31,726 "," 71,619 "," 517,754 "," 358,078 "," 159,676 "," 14,835,203 "," 5,481,813 "," 9,353,390 ",,,,,,
20,00,0000,00000000,0,0,STATE,JHARKHAND,Total," 4,799,081 "," 26,945,829 "," 13,885,037 "," 13,060,792 "," 4,956,827 "," 2,522,036 "," 2,434,791 "," 3,189,320 "," 1,640,583 "," 1,548,737 "," 7,087,068 "," 3,565,960 "," 3,521,108 "," 11,777,201 "," 7,646,857 "," 4,130,344 "," 15,168,628 "," 6,238,180 "," 8,930,448 "," 10,109,030 "," 6,659,856 "," 3,449,174 "," 6,446,782 "," 5,134,067 "," 1,312,715 "," 2,655,823 "," 1,988,551 "," 667,272 "," 1,052,325 "," 758,101 "," 294,224 "," 282,493 "," 192,433 "," 90,060 "," 2,456,141 "," 2,194,982 "," 261,159 "," 3,662,248 "," 1,525,789 "," 2,136,459 "," 1,233,683 "," 416,820 "," 816,863 "," 1,798,972 "," 727,221 "," 1,071,751 "," 148,472 "," 45,033 "," 103,439 "," 481,121 "," 336,715 "," 144,406 "," 16,836,799 "," 7,225,181 "," 9,611,618 ",,,,,,
20,00,0000,00000000,0,0,STATE,JHARKHAND,Rural," 3,736,524 "," 20,952,088 "," 10,679,596 "," 10,272,492 "," 4,110,326 "," 2,083,426 "," 2,026,900 "," 2,588,094 "," 1,322,039 "," 1,266,055 "," 6,500,014 "," 3,267,181 "," 3,232,833 "," 7,703,730 "," 5,238,836 "," 2,464,894 "," 13,248,358 "," 5,440,760 "," 7,807,598 "," 8,569,591 "," 5,302,143 "," 3,267,448 "," 5,105,341 "," 3,921,518 "," 1,183,823 "," 2,634,245 "," 1,970,407 "," 663,838 "," 1,035,719 "," 744,805 "," 290,914 "," 246,389 "," 163,538 "," 82,851 "," 1,188,988 "," 1,042,768 "," 146,220 "," 3,464,250 "," 1,380,625 "," 2,083,625 "," 1,224,543 "," 412,165 "," 812,378 "," 1,774,952 "," 713,841 "," 1,061,111 "," 136,288 "," 39,266 "," 97,022 "," 328,467 "," 215,353 "," 113,114 "," 12,382,497 "," 5,377,453 "," 7,005,044 ",,,,,,
20,00,0000,00000000,0,0,STATE,JHARKHAND,Urban," 1,062,557 "," 5,993,741 "," 3,205,441 "," 2,788,300 "," 846,501 "," 438,610 "," 407,891 "," 601,226 "," 318,544 "," 282,682 "," 587,054 "," 298,779 "," 288,275 "," 4,073,471 "," 2,408,021 "," 1,665,450 "," 1,920,270 "," 797,420 "," 1,122,850 "," 1,539,439 "," 1,357,713 "," 181,726 "," 1,341,441 "," 1,212,549 "," 128,892 "," 21,578 "," 18,144 "," 3,434 "," 16,606 "," 13,296 "," 3,310 "," 36,104 "," 28,895 "," 7,209 "," 1,267,153 "," 1,152,214 "," 114,939 "," 197,998 "," 145,164 "," 52,834 "," 9,140 "," 4,655 "," 4,485 "," 24,020 "," 13,380 "," 10,640 "," 12,184 "," 5,767 "," 6,417 "," 152,654 "," 121,362 "," 31,292 "," 4,454,302 "," 1,847,728 "," 2,606,574 ",,,,,,
21,00,0000,00000000,0,0,STATE,ORISSA,Total," 7,738,065 "," 36,804,660 "," 18,660,570 "," 18,144,090 "," 5,358,810 "," 2,744,552 "," 2,614,258 "," 6,082,063 "," 3,073,278 "," 3,008,785 "," 8,145,081 "," 4,066,783 "," 4,078,298 "," 19,837,055 "," 11,992,333 "," 7,844,722 "," 16,967,605 "," 6,668,237 "," 10,299,368 "," 14,276,488 "," 9,802,006 "," 4,474,482 "," 9,589,269 "," 8,004,740 "," 1,584,529 "," 3,435,170 "," 3,004,654 "," 430,516 "," 2,098,158 "," 1,570,444 "," 527,714 "," 404,208 "," 258,151 "," 146,057 "," 3,651,733 "," 3,171,491 "," 480,242 "," 4,687,219 "," 1,797,266 "," 2,889,953 "," 812,491 "," 343,037 "," 469,454 "," 2,900,946 "," 1,016,752 "," 1,884,194 "," 297,355 "," 61,860 "," 235,495 "," 676,427 "," 375,617 "," 300,810 "," 22,528,172 "," 8,858,564 "," 13,669,608 ",,,,,,
21,00,0000,00000000,0,0,STATE,ORISSA,Rural," 6,618,547 "," 31,287,422 "," 15,748,970 "," 15,538,452 "," 4,696,358 "," 2,401,932 "," 2,294,426 "," 5,378,788 "," 2,712,412 "," 2,666,376 "," 7,698,358 "," 3,837,410 "," 3,860,948 "," 15,912,604 "," 9,733,532 "," 6,179,072 "," 15,374,818 "," 6,015,438 "," 9,359,380 "," 12,586,969 "," 8,373,695 "," 4,213,274 "," 8,071,999 "," 6,677,417 "," 1,394,582 "," 3,392,315 "," 2,965,855 "," 426,460 "," 2,057,192 "," 1,538,863 "," 518,329 "," 360,099 "," 224,380 "," 135,719 "," 2,262,393 "," 1,948,319 "," 314,074 "," 4,514,970 "," 1,696,278 "," 2,818,692 "," 805,597 "," 338,820 "," 466,777 "," 2,864,733 "," 1,000,509 "," 1,864,224 "," 282,548 "," 56,925 "," 225,623 "," 562,092 "," 300,024 "," 262,068 "," 18,700,453 "," 7,375,275 "," 11,325,178 ",,,,,,
21,00,0000,00000000,0,0,STATE,ORISSA,Urban," 1,119,518 "," 5,517,238 "," 2,911,600 "," 2,605,638 "," 662,452 "," 342,620 "," 319,832 "," 703,275 "," 360,866 "," 342,409 "," 446,723 "," 229,373 "," 217,350 "," 3,924,451 "," 2,258,801 "," 1,665,650 "," 1,592,787 "," 652,799 "," 939,988 "," 1,689,519 "," 1,428,311 "," 261,208 "," 1,517,270 "," 1,327,323 "," 189,947 "," 42,855 "," 38,799 "," 4,056 "," 40,966 "," 31,581 "," 9,385 "," 44,109 "," 33,771 "," 10,338 "," 1,389,340 "," 1,223,172 "," 166,168 "," 172,249 "," 100,988 "," 71,261 "," 6,894 "," 4,217 "," 2,677 "," 36,213 "," 16,243 "," 19,970 "," 14,807 "," 4,935 "," 9,872 "," 114,335 "," 75,593 "," 38,742 "," 3,827,719 "," 1,483,289 "," 2,344,430 ",,,,,,
22,00,0000,00000000,0,0,STATE,CHHATTISGARH,Total," 4,091,551 "," 20,833,803 "," 10,474,218 "," 10,359,585 "," 3,554,916 "," 1,800,413 "," 1,754,503 "," 2,418,722 "," 1,213,194 "," 1,205,528 "," 6,616,596 "," 3,287,334 "," 3,329,262 "," 11,173,149 "," 6,711,395 "," 4,461,754 "," 9,660,654 "," 3,762,823 "," 5,897,831 "," 9,679,871 "," 5,531,859 "," 4,148,012 "," 7,054,595 "," 4,742,935 "," 2,311,660 "," 3,488,672 "," 2,246,705 "," 1,241,967 "," 1,552,083 "," 826,688 "," 725,395 "," 158,691 "," 103,059 "," 55,632 "," 1,855,149 "," 1,566,483 "," 288,666 "," 2,625,276 "," 788,924 "," 1,836,352 "," 822,459 "," 219,772 "," 602,687 "," 1,539,275 "," 435,871 "," 1,103,404 "," 40,000 "," 12,801 "," 27,199 "," 223,542 "," 120,480 "," 103,062 "," 11,153,932 "," 4,942,359 "," 6,211,573 ",,,,,,
22,00,0000,00000000,0,0,STATE,CHHATTISGARH,Rural," 3,273,647 "," 16,648,056 "," 8,307,443 "," 8,340,613 "," 2,963,980 "," 1,495,500 "," 1,468,480 "," 1,899,055 "," 948,720 "," 950,335 "," 6,264,835 "," 3,106,086 "," 3,158,749 "," 8,276,566 "," 5,047,159 "," 3,229,407 "," 8,371,490 "," 3,260,284 "," 5,111,206 "," 8,377,674 "," 4,495,979 "," 3,881,695 "," 5,883,797 "," 3,777,194 "," 2,106,603 "," 3,444,377 "," 2,215,538 "," 1,228,839 "," 1,515,083 "," 807,159 "," 707,924 "," 116,801 "," 76,688 "," 40,113 "," 807,536 "," 677,809 "," 129,727 "," 2,493,877 "," 718,785 "," 1,775,092 "," 813,929 "," 216,353 "," 597,576 "," 1,506,969 "," 425,179 "," 1,081,790 "," 32,885 "," 10,365 "," 22,520 "," 140,094 "," 66,888 "," 73,206 "," 8,270,382 "," 3,811,464 "," 4,458,918 ",,,,,,
22,00,0000,00000000,0,0,STATE,CHHATTISGARH,Urban," 817,904 "," 4,185,747 "," 2,166,775 "," 2,018,972 "," 590,936 "," 304,913 "," 286,023 "," 519,667 "," 264,474 "," 255,193 "," 351,761 "," 181,248 "," 170,513 "," 2,896,583 "," 1,664,236 "," 1,232,347 "," 1,289,164 "," 502,539 "," 786,625 "," 1,302,197 "," 1,035,880 "," 266,317 "," 1,170,798 "," 965,741 "," 205,057 "," 44,295 "," 31,167 "," 13,128 "," 37,000 "," 19,529 "," 17,471 "," 41,890 "," 26,371 "," 15,519 "," 1,047,613 "," 888,674 "," 158,939 "," 131,399 "," 70,139 "," 61,260 "," 8,530 "," 3,419 "," 5,111 "," 32,306 "," 10,692 "," 21,614 "," 7,115 "," 2,436 "," 4,679 "," 83,448 "," 53,592 "," 29,856 "," 2,883,550 "," 1,130,895 "," 1,752,655 ",,,,,,
23,00,0000,00000000,0,0,STATE,MADHYA PRADESH,Total," 10,912,025 "," 60,348,023 "," 31,443,652 "," 28,904,371 "," 10,782,214 "," 5,579,847 "," 5,202,367 "," 9,155,177 "," 4,804,881 "," 4,350,296 "," 12,233,474 "," 6,195,240 "," 6,038,234 "," 31,592,563 "," 19,672,274 "," 11,920,289 "," 28,755,460 "," 11,771,378 "," 16,984,082 "," 25,793,519 "," 16,194,368 "," 9,599,151 "," 19,102,572 "," 14,056,279 "," 5,046,293 "," 8,911,841 "," 6,389,368 "," 2,522,473 "," 3,880,905 "," 2,393,898 "," 1,487,007 "," 731,016 "," 446,037 "," 284,979 "," 5,578,810 "," 4,826,976 "," 751,834 "," 6,690,947 "," 2,138,089 "," 4,552,858 "," 2,126,065 "," 493,408 "," 1,632,657 "," 3,519,765 "," 1,124,470 "," 2,395,295 "," 302,297 "," 73,090 "," 229,207 "," 742,820 "," 447,121 "," 295,699 "," 34,554,504 "," 15,249,284 "," 19,305,220 ",,,,,,
23,00,0000,00000000,0,0,STATE,MADHYA PRADESH,Rural," 7,996,300 "," 44,380,878 "," 23,031,093 "," 21,349,785 "," 8,443,744 "," 4,353,726 "," 4,090,018 "," 6,914,726 "," 3,629,827 "," 3,284,899 "," 11,446,448 "," 5,783,678 "," 5,662,770 "," 20,772,257 "," 13,392,005 "," 7,380,252 "," 23,608,621 "," 9,639,088 "," 13,969,533 "," 20,900,226 "," 12,205,916 "," 8,694,310 "," 14,776,619 "," 10,387,506 "," 4,389,113 "," 8,645,299 "," 6,176,582 "," 2,468,717 "," 3,724,871 "," 2,294,176 "," 1,430,695 "," 473,514 "," 291,391 "," 182,123 "," 1,932,935 "," 1,625,357 "," 307,578 "," 6,123,607 "," 1,818,410 "," 4,305,197 "," 2,088,217 "," 482,857 "," 1,605,360 "," 3,411,520 "," 1,084,333 "," 2,327,187 "," 238,727 "," 56,555 "," 182,172 "," 385,143 "," 194,665 "," 190,478 "," 23,480,652 "," 10,825,177 "," 12,655,475 ",,,,,,
23,00,0000,00000000,0,0,STATE,MADHYA PRADESH,Urban," 2,915,725 "," 15,967,145 "," 8,412,559 "," 7,554,586 "," 2,338,470 "," 1,226,121 "," 1,112,349 "," 2,240,451 "," 1,175,054 "," 1,065,397 "," 787,026 "," 411,562 "," 375,464 "," 10,820,306 "," 6,280,269 "," 4,540,037 "," 5,146,839 "," 2,132,290 "," 3,014,549 "," 4,893,293 "," 3,988,452 "," 904,841 "," 4,325,953 "," 3,668,773 "," 657,180 "," 266,542 "," 212,786 "," 53,756 "," 156,034 "," 99,722 "," 56,312 "," 257,502 "," 154,646 "," 102,856 "," 3,645,875 "," 3,201,619 "," 444,256 "," 567,340 "," 319,679 "," 247,661 "," 37,848 "," 10,551 "," 27,297 "," 108,245 "," 40,137 "," 68,108 "," 63,570 "," 16,535 "," 47,035 "," 357,677 "," 252,456 "," 105,221 "," 11,073,852 "," 4,424,107 "," 6,649,745 ",,,,,,
24,00,0000,00000000,0,0,STATE,GUJARAT,Total," 9,691,362 "," 50,671,017 "," 26,385,577 "," 24,285,440 "," 7,532,404 "," 4,000,148 "," 3,532,256 "," 3,592,715 "," 1,866,283 "," 1,726,432 "," 7,481,160 "," 3,790,117 "," 3,691,043 "," 29,827,750 "," 17,833,273 "," 11,994,477 "," 20,843,267 "," 8,552,304 "," 12,290,963 "," 21,255,521 "," 14,477,286 "," 6,778,235 "," 17,025,074 "," 13,480,566 "," 3,544,508 "," 4,711,094 "," 3,730,923 "," 980,171 "," 3,048,713 "," 2,004,136 "," 1,044,577 "," 306,139 "," 223,544 "," 82,595 "," 8,959,128 "," 7,521,963 "," 1,437,165 "," 4,230,447 "," 996,720 "," 3,233,727 "," 1,091,587 "," 175,774 "," 915,813 "," 2,112,945 "," 505,515 "," 1,607,430 "," 123,543 "," 20,291 "," 103,252 "," 902,372 "," 295,140 "," 607,232 "," 29,415,496 "," 11,908,291 "," 17,507,205 ",,,,,,
24,00,0000,00000000,0,0,STATE,GUJARAT,Rural," 5,941,858 "," 31,740,767 "," 16,317,771 "," 15,422,996 "," 5,085,941 "," 2,668,527 "," 2,417,414 "," 2,180,441 "," 1,127,423 "," 1,053,018 "," 6,866,637 "," 3,471,002 "," 3,395,635 "," 16,337,997 "," 10,115,541 "," 6,222,456 "," 15,402,770 "," 6,202,230 "," 9,200,540 "," 14,993,312 "," 9,049,438 "," 5,943,874 "," 11,114,041 "," 8,210,091 "," 2,903,950 "," 4,617,985 "," 3,651,752 "," 966,233 "," 2,921,313 "," 1,913,788 "," 1,007,525 "," 185,672 "," 141,967 "," 43,705 "," 3,389,071 "," 2,502,584 "," 886,487 "," 3,879,271 "," 839,347 "," 3,039,924 "," 1,079,449 "," 173,546 "," 905,903 "," 2,061,896 "," 488,593 "," 1,573,303 "," 75,584 "," 12,857 "," 62,727 "," 662,342 "," 164,351 "," 497,991 "," 16,747,455 "," 7,268,333 "," 9,479,122 ",,,,,,
24,00,0000,00000000,0,0,STATE,GUJARAT,Urban," 3,749,504 "," 18,930,250 "," 10,067,806 "," 8,862,444 "," 2,446,463 "," 1,331,621 "," 1,114,842 "," 1,412,274 "," 738,860 "," 673,414 "," 614,523 "," 319,115 "," 295,408 "," 13,489,753 "," 7,717,732 "," 5,772,021 "," 5,440,497 "," 2,350,074 "," 3,090,423 "," 6,262,209 "," 5,427,848 "," 834,361 "," 5,911,033 "," 5,270,475 "," 640,558 "," 93,109 "," 79,171 "," 13,938 "," 127,400 "," 90,348 "," 37,052 "," 120,467 "," 81,577 "," 38,890 "," 5,570,057 "," 5,019,379 "," 550,678 "," 351,176 "," 157,373 "," 193,803 "," 12,138 "," 2,228 "," 9,910 "," 51,049 "," 16,922 "," 34,127 "," 47,959 "," 7,434 "," 40,525 "," 240,030 "," 130,789 "," 109,241 "," 12,668,041 "," 4,639,958 "," 8,028,083 ",,,,,,
25,00,0000,00000000,0,0,STATE,DAMAN & DIU,Total," 35,686 "," 158,204 "," 92,512 "," 65,692 "," 20,578 "," 10,685 "," 9,893 "," 4,838 "," 2,498 "," 2,340 "," 13,997 "," 7,190 "," 6,807 "," 107,600 "," 70,992 "," 36,608 "," 50,604 "," 21,520 "," 29,084 "," 72,791 "," 60,569 "," 12,222 "," 67,522 "," 58,874 "," 8,648 "," 2,743 "," 1,821 ", 922 , 445 , 263 , 182 , 594 , 366 , 228 ," 63,740 "," 56,424 "," 7,316 "," 5,269 "," 1,695 "," 3,574 "," 1,291 ", 187 ," 1,104 ", 878 , 84 , 794 , 586 , 15 , 571 ," 2,514 "," 1,409 "," 1,105 "," 85,413 "," 31,943 "," 53,470 ",,,,,,
25,00,0000,00000000,0,0,STATE,DAMAN & DIU,Rural," 23,204 "," 100,856 "," 63,606 "," 37,250 "," 13,236 "," 6,907 "," 6,329 "," 2,920 "," 1,536 "," 1,384 "," 11,188 "," 5,733 "," 5,455 "," 66,441 "," 48,096 "," 18,345 "," 34,415 "," 15,510 "," 18,905 "," 52,480 "," 45,018 "," 7,462 "," 48,455 "," 43,747 "," 4,708 "," 2,675 "," 1,782 ", 893 , 414 , 244 , 170 , 250 , 173 , 77 ," 45,116 "," 41,548 "," 3,568 "," 4,025 "," 1,271 "," 2,754 "," 1,277 ", 183 ," 1,094 ", 857 , 79 , 778 , 303 , 9 , 294 ," 1,588 "," 1,000 ", 588 ," 48,376 "," 18,588 "," 29,788 ",,,,,,
25,00,0000,00000000,0,0,STATE,DAMAN & DIU,Urban," 12,482 "," 57,348 "," 28,906 "," 28,442 "," 7,342 "," 3,778 "," 3,564 "," 1,918 ", 962 , 956 ," 2,809 "," 1,457 "," 1,352 "," 41,159 "," 22,896 "," 18,263 "," 16,189 "," 6,010 "," 10,179 "," 20,311 "," 15,551 "," 4,760 "," 19,067 "," 15,127 "," 3,940 ", 68 , 39 , 29 , 31 , 19 , 12 , 344 , 193 , 151 ," 18,624 "," 14,876 "," 3,748 "," 1,244 ", 424 , 820 , 14 , 4 , 10 , 21 , 5 , 16 , 283 , 6 , 277 , 926 , 409 , 517 ," 37,037 "," 13,355 "," 23,682 ",,,,,,
26,00,0000,00000000,0,0,STATE,DADRA & NAGAR HAVELI,Total," 45,586 "," 220,490 "," 121,666 "," 98,824 "," 40,199 "," 20,308 "," 19,891 "," 4,104 "," 2,159 "," 1,945 "," 137,225 "," 67,663 "," 69,562 "," 103,904 "," 72,149 "," 31,755 "," 116,586 "," 49,517 "," 67,069 "," 114,122 "," 75,835 "," 38,287 "," 96,184 "," 71,156 "," 25,028 "," 32,287 "," 16,591 "," 15,696 "," 6,945 "," 3,514 "," 3,431 ", 691 , 447 , 244 ," 56,261 "," 50,604 "," 5,657 "," 17,938 "," 4,679 "," 13,259 "," 7,183 "," 1,481 "," 5,702 "," 7,770 "," 1,915 "," 5,855 ", 159 , 45 , 114 ," 2,826 "," 1,238 "," 1,588 "," 106,368 "," 45,831 "," 60,537 ",,,,,,
26,00,0000,00000000,0,0,STATE,DADRA & NAGAR HAVELI,Rural," 33,938 "," 170,027 "," 91,832 "," 78,195 "," 32,420 "," 16,188 "," 16,232 "," 2,834 "," 1,480 "," 1,354 "," 127,410 "," 62,689 "," 64,721 "," 67,897 "," 48,791 "," 19,106 "," 102,130 "," 43,041 "," 59,089 "," 91,542 "," 56,255 "," 35,287 "," 75,016 "," 52,037 "," 22,979 "," 31,320 "," 15,903 "," 15,417 "," 6,746 "," 3,387 "," 3,359 ", 570 , 342 , 228 ," 36,380 "," 32,405 "," 3,975 "," 16,526 "," 4,218 "," 12,308 "," 6,701 "," 1,386 "," 5,315 "," 7,466 "," 1,841 "," 5,625 ", 108 , 42 , 66 ," 2,251 ", 949 ," 1,302 "," 78,485 "," 35,577 "," 42,908 ",,,,,,
26,00,0000,00000000,0,0,STATE,DADRA & NAGAR HAVELI,Urban," 11,648 "," 50,463 "," 29,834 "," 20,629 "," 7,779 "," 4,120 "," 3,659 "," 1,270 ", 679 , 591 ," 9,815 "," 4,974 "," 4,841 "," 36,007 "," 23,358 "," 12,649 "," 14,456 "," 6,476 "," 7,980 "," 22,580 "," 19,580 "," 3,000 "," 21,168 "," 19,119 "," 2,049 ", 967 , 688 , 279 , 199 , 127 , 72 , 121 , 105 , 16 ," 19,881 "," 18,199 "," 1,682 "," 1,412 ", 461 , 951 , 482 , 95 , 387 , 304 , 74 , 230 , 51 , 3 , 48 , 575 , 289 , 286 ," 27,883 "," 10,254 "," 17,629 ",,,,,,
27,00,0000,00000000,0,0,STATE,MAHARASHTRA,Total," 19,576,736 "," 96,878,627 "," 50,400,596 "," 46,478,031 "," 13,671,126 "," 7,146,432 "," 6,524,694 "," 9,881,656 "," 5,063,062 "," 4,818,594 "," 8,577,276 "," 4,347,754 "," 4,229,522 "," 63,965,943 "," 37,184,963 "," 26,780,980 "," 32,912,684 "," 13,215,633 "," 19,697,051 "," 41,173,351 "," 26,852,095 "," 14,321,256 "," 34,748,053 "," 24,416,295 "," 10,331,758 "," 10,181,708 "," 6,180,984 "," 4,000,724 "," 7,641,219 "," 3,941,652 "," 3,699,567 "," 810,086 "," 493,886 "," 316,200 "," 16,115,040 "," 13,799,773 "," 2,315,267 "," 6,425,298 "," 2,435,800 "," 3,989,498 "," 1,631,567 "," 499,712 "," 1,131,855 "," 3,174,043 "," 982,382 "," 2,191,661 "," 279,232 "," 72,975 "," 206,257 "," 1,340,456 "," 880,731 "," 459,725 "," 55,705,276 "," 23,548,501 "," 32,156,775 ",,,,,,
27,00,0000,00000000,0,0,STATE,MAHARASHTRA,Rural," 11,173,512 "," 55,777,647 "," 28,458,677 "," 27,318,970 "," 8,428,828 "," 4,399,083 "," 4,029,745 "," 6,093,829 "," 3,112,889 "," 2,980,940 "," 7,486,537 "," 3,782,848 "," 3,703,689 "," 33,313,270 "," 19,711,796 "," 13,601,474 "," 22,464,377 "," 8,746,881 "," 13,717,496 "," 27,261,431 "," 15,348,636 "," 11,912,795 "," 21,853,804 "," 13,528,493 "," 8,325,311 "," 9,963,811 "," 6,013,866 "," 3,949,945 "," 7,282,065 "," 3,731,285 "," 3,550,780 "," 440,495 "," 276,763 "," 163,732 "," 4,167,433 "," 3,506,579 "," 660,854 "," 5,407,627 "," 1,820,143 "," 3,587,484 "," 1,605,482 "," 489,637 "," 1,115,845 "," 3,032,655 "," 932,063 "," 2,100,592 "," 179,249 "," 48,069 "," 131,180 "," 590,241 "," 350,374 "," 239,867 "," 28,516,216 "," 13,110,041 "," 15,406,175 ",,,,,,
27,00,0000,00000000,0,0,STATE,MAHARASHTRA,Urban," 8,403,224 "," 41,100,980 "," 21,941,919 "," 19,159,061 "," 5,242,298 "," 2,747,349 "," 2,494,949 "," 3,787,827 "," 1,950,173 "," 1,837,654 "," 1,090,739 "," 564,906 "," 525,833 "," 30,652,673 "," 17,473,167 "," 13,179,506 "," 10,448,307 "," 4,468,752 "," 5,979,555 "," 13,911,920 "," 11,503,459 "," 2,408,461 "," 12,894,249 "," 10,887,802 "," 2,006,447 "," 217,897 "," 167,118 "," 50,779 "," 359,154 "," 210,367 "," 148,787 "," 369,591 "," 217,123 "," 152,468 "," 11,947,607 "," 10,293,194 "," 1,654,413 "," 1,017,671 "," 615,657 "," 402,014 "," 26,085 "," 10,075 "," 16,010 "," 141,388 "," 50,319 "," 91,069 "," 99,983 "," 24,906 "," 75,077 "," 750,215 "," 530,357 "," 219,858 "," 27,189,060 "," 10,438,460 "," 16,750,600 ",,,,,,
28,00,0000,00000000,0,0,STATE,ANDHRA PRADESH,Total," 17,004,305 "," 76,210,007 "," 38,527,413 "," 37,682,594 "," 10,171,857 "," 5,187,321 "," 4,984,536 "," 12,339,496 "," 6,228,011 "," 6,111,485 "," 5,024,104 "," 2,548,295 "," 2,475,809 "," 39,934,323 "," 23,444,788 "," 16,489,535 "," 36,275,684 "," 15,082,625 "," 21,193,059 "," 34,893,859 "," 21,662,192 "," 13,231,667 "," 29,040,873 "," 19,455,492 "," 9,585,381 "," 7,397,688 "," 5,040,681 "," 2,357,007 "," 9,823,264 "," 5,141,014 "," 4,682,250 "," 1,352,705 "," 637,209 "," 715,496 "," 10,467,216 "," 8,636,588 "," 1,830,628 "," 5,852,986 "," 2,206,700 "," 3,646,286 "," 461,846 "," 160,883 "," 300,963 "," 4,008,888 "," 1,312,727 "," 2,696,161 "," 289,400 "," 73,013 "," 216,387 "," 1,092,852 "," 660,077 "," 432,775 "," 41,316,148 "," 16,865,221 "," 24,450,927 ",,,,,,
28,00,0000,00000000,0,0,STATE,ANDHRA PRADESH,Rural," 12,607,167 "," 55,401,067 "," 27,937,204 "," 27,463,863 "," 7,621,799 "," 3,883,008 "," 3,738,791 "," 10,219,409 "," 5,164,491 "," 5,054,918 "," 4,646,923 "," 2,353,939 "," 2,292,984 "," 26,041,452 "," 15,720,257 "," 10,321,195 "," 29,359,615 "," 12,216,947 "," 17,142,668 "," 28,172,888 "," 16,287,101 "," 11,885,787 "," 22,977,594 "," 14,467,183 "," 8,510,411 "," 7,303,521 "," 4,969,232 "," 2,334,289 "," 9,517,765 "," 4,952,490 "," 4,565,275 "," 1,014,970 "," 455,951 "," 559,019 "," 5,141,338 "," 4,089,510 "," 1,051,828 "," 5,195,294 "," 1,819,918 "," 3,375,376 "," 453,816 "," 156,847 "," 296,969 "," 3,866,906 "," 1,252,580 "," 2,614,326 "," 222,095 "," 50,797 "," 171,298 "," 652,477 "," 359,694 "," 292,783 "," 27,228,179 "," 11,650,103 "," 15,578,076 ",,,,,,
28,00,0000,00000000,0,0,STATE,ANDHRA PRADESH,Urban," 4,397,138 "," 20,808,940 "," 10,590,209 "," 10,218,731 "," 2,550,058 "," 1,304,313 "," 1,245,745 "," 2,120,087 "," 1,063,520 "," 1,056,567 "," 377,181 "," 194,356 "," 182,825 "," 13,892,871 "," 7,724,531 "," 6,168,340 "," 6,916,069 "," 2,865,678 "," 4,050,391 "," 6,720,971 "," 5,375,091 "," 1,345,880 "," 6,063,279 "," 4,988,309 "," 1,074,970 "," 94,167 "," 71,449 "," 22,718 "," 305,499 "," 188,524 "," 116,975 "," 337,735 "," 181,258 "," 156,477 "," 5,325,878 "," 4,547,078 "," 778,800 "," 657,692 "," 386,782 "," 270,910 "," 8,030 "," 4,036 "," 3,994 "," 141,982 "," 60,147 "," 81,835 "," 67,305 "," 22,216 "," 45,089 "," 440,375 "," 300,383 "," 139,992 "," 14,087,969 "," 5,215,118 "," 8,872,851 ",,,,,,
29,00,0000,00000000,0,0,STATE,KARNATAKA,Total," 10,401,918 "," 52,850,562 "," 26,898,918 "," 25,951,644 "," 7,182,100 "," 3,690,958 "," 3,491,142 "," 8,563,930 "," 4,339,745 "," 4,224,185 "," 3,463,986 "," 1,756,238 "," 1,707,748 "," 30,434,962 "," 17,661,211 "," 12,773,751 "," 22,415,600 "," 9,237,707 "," 13,177,893 "," 23,534,791 "," 15,235,355 "," 8,299,436 "," 19,364,759 "," 13,896,845 "," 5,467,914 "," 6,186,932 "," 4,668,070 "," 1,518,862 "," 3,783,852 "," 1,961,368 "," 1,822,484 "," 795,212 "," 368,699 "," 426,513 "," 8,598,763 "," 6,898,708 "," 1,700,055 "," 4,170,032 "," 1,338,510 "," 2,831,522 "," 696,924 "," 164,770 "," 532,154 "," 2,443,090 "," 659,559 "," 1,783,531 "," 164,453 "," 36,392 "," 128,061 "," 865,565 "," 477,789 "," 387,776 "," 29,315,771 "," 11,663,563 "," 17,652,208 ",,,,,,
29,00,0000,00000000,0,0,STATE,KARNATAKA,Rural," 6,725,882 "," 34,889,033 "," 17,648,958 "," 17,240,075 "," 4,935,380 "," 2,532,557 "," 2,402,823 "," 6,417,243 "," 3,245,315 "," 3,171,928 "," 2,934,530 "," 1,486,073 "," 1,448,457 "," 17,772,112 "," 10,649,091 "," 7,123,021 "," 17,116,921 "," 6,999,867 "," 10,117,054 "," 17,127,803 "," 10,254,252 "," 6,873,551 "," 13,462,535 "," 9,194,812 "," 4,267,723 "," 5,999,419 "," 4,511,992 "," 1,487,427 "," 3,550,288 "," 1,827,634 "," 1,722,654 "," 483,397 "," 224,332 "," 259,065 "," 3,429,431 "," 2,630,854 "," 798,577 "," 3,665,268 "," 1,059,440 "," 2,605,828 "," 685,102 "," 160,681 "," 524,421 "," 2,351,646 "," 627,391 "," 1,724,255 "," 112,849 "," 24,766 "," 88,083 "," 515,671 "," 246,602 "," 269,069 "," 17,761,230 "," 7,394,706 "," 10,366,524 ",,,,,,
29,00,0000,00000000,0,0,STATE,KARNATAKA,Urban," 3,676,036 "," 17,961,529 "," 9,249,960 "," 8,711,569 "," 2,246,720 "," 1,158,401 "," 1,088,319 "," 2,146,687 "," 1,094,430 "," 1,052,257 "," 529,456 "," 270,165 "," 259,291 "," 12,662,850 "," 7,012,120 "," 5,650,730 "," 5,298,679 "," 2,237,840 "," 3,060,839 "," 6,406,988 "," 4,981,103 "," 1,425,885 "," 5,902,224 "," 4,702,033 "," 1,200,191 "," 187,513 "," 156,078 "," 31,435 "," 233,564 "," 133,734 "," 99,830 "," 311,815 "," 144,367 "," 167,448 "," 5,169,332 "," 4,267,854 "," 901,478 "," 504,764 "," 279,070 "," 225,694 "," 11,822 "," 4,089 "," 7,733 "," 91,444 "," 32,168 "," 59,276 "," 51,604 "," 11,626 "," 39,978 "," 349,894 "," 231,187 "," 118,707 "," 11,554,541 "," 4,268,857 "," 7,285,684 ",,,,,,
30,00,0000,00000000,0,0,STATE,GOA,Total," 294,812 "," 1,347,668 "," 687,248 "," 660,420 "," 145,968 "," 75,338 "," 70,630 "," 23,791 "," 12,047 "," 11,744 ", 566 , 299 , 267 ," 985,562 "," 541,032 "," 444,530 "," 362,106 "," 146,216 "," 215,890 "," 522,855 "," 375,218 "," 147,637 "," 425,305 "," 326,993 "," 98,312 "," 29,678 "," 18,365 "," 11,313 "," 11,842 "," 6,858 "," 4,984 "," 10,239 "," 7,243 "," 2,996 "," 373,546 "," 294,527 "," 79,019 "," 97,550 "," 48,225 "," 49,325 "," 20,717 "," 7,343 "," 13,374 "," 23,964 "," 9,112 "," 14,852 "," 4,507 "," 1,748 "," 2,759 "," 48,362 "," 30,022 "," 18,340 "," 824,813 "," 312,030 "," 512,783 ",,,,,,
30,00,0000,00000000,0,0,STATE,GOA,Rural," 145,229 "," 677,091 "," 340,545 "," 336,546 "," 71,338 "," 36,547 "," 34,791 "," 10,720 "," 5,376 "," 5,344 ", 190 , 104 , 86 ," 482,615 "," 265,588 "," 217,027 "," 194,476 "," 74,957 "," 119,519 "," 274,452 "," 185,648 "," 88,804 "," 204,915 "," 154,069 "," 50,846 "," 27,062 "," 16,875 "," 10,187 "," 10,213 "," 5,854 "," 4,359 "," 5,704 "," 4,021 "," 1,683 "," 161,936 "," 127,319 "," 34,617 "," 69,537 "," 31,579 "," 37,958 "," 18,823 "," 6,675 "," 12,148 "," 20,863 "," 7,738 "," 13,125 "," 3,022 "," 1,072 "," 1,950 "," 26,829 "," 16,094 "," 10,735 "," 402,639 "," 154,897 "," 247,742 ",,,,,,
30,00,0000,00000000,0,0,STATE,GOA,Urban," 149,583 "," 670,577 "," 346,703 "," 323,874 "," 74,630 "," 38,791 "," 35,839 "," 13,071 "," 6,671 "," 6,400 ", 376 , 195 , 181 ," 502,947 "," 275,444 "," 227,503 "," 167,630 "," 71,259 "," 96,371 "," 248,403 "," 189,570 "," 58,833 "," 220,390 "," 172,924 "," 47,466 "," 2,616 "," 1,490 "," 1,126 "," 1,629 "," 1,004 ", 625 ," 4,535 "," 3,222 "," 1,313 "," 211,610 "," 167,208 "," 44,402 "," 28,013 "," 16,646 "," 11,367 "," 1,894 ", 668 ," 1,226 "," 3,101 "," 1,374 "," 1,727 "," 1,485 ", 676 , 809 ," 21,533 "," 13,928 "," 7,605 "," 422,174 "," 157,133 "," 265,041 ",,,,,,
31,00,0000,00000000,0,0,STATE,LAKSHADWEEP,Total," 9,993 "," 60,650 "," 31,131 "," 29,519 "," 9,091 "," 4,641 "," 4,450 ", -   , -   , -   ," 57,321 "," 28,611 "," 28,710 "," 44,683 "," 24,511 "," 20,172 "," 15,967 "," 6,620 "," 9,347 "," 15,354 "," 13,204 "," 2,150 "," 11,710 "," 10,288 "," 1,422 ", -   , -   , -   , -   , -   , -   , 155 , 99 , 56 ," 11,555 "," 10,189 "," 1,366 "," 3,644 "," 2,916 ", 728 , -   , -   , -   , -   , -   , -   , 747 , 438 , 309 ," 2,897 "," 2,478 ", 419 ," 45,296 "," 17,927 "," 27,369 ",,,,,,
31,00,0000,00000000,0,0,STATE,LAKSHADWEEP,Rural," 5,664 "," 33,683 "," 17,191 "," 16,492 "," 5,525 "," 2,764 "," 2,761 ", -   , -   , -   ," 32,209 "," 16,094 "," 16,115 "," 23,946 "," 13,199 "," 10,747 "," 9,737 "," 3,992 "," 5,745 "," 8,007 "," 6,984 "," 1,023 "," 5,895 "," 5,212 ", 683 , -   , -   , -   , -   , -   , -   , 54 , 41 , 13 ," 5,841 "," 5,171 ", 670 ," 2,112 "," 1,772 ", 340 , -   , -   , -   , -   , -   , -   , 385 , 243 , 142 ," 1,727 "," 1,529 ", 198 ," 25,676 "," 10,207 "," 15,469 ",,,,,,
31,00,0000,00000000,0,0,STATE,LAKSHADWEEP,Urban," 4,329 "," 26,967 "," 13,940 "," 13,027 "," 3,566 "," 1,877 "," 1,689 ", -   , -   , -   ," 25,112 "," 12,517 "," 12,595 "," 20,737 "," 11,312 "," 9,425 "," 6,230 "," 2,628 "," 3,602 "," 7,347 "," 6,220 "," 1,127 "," 5,815 "," 5,076 ", 739 , -   , -   , -   , -   , -   , -   , 101 , 58 , 43 ," 5,714 "," 5,018 ", 696 ," 1,532 "," 1,144 ", 388 , -   , -   , -   , -   , -   , -   , 362 , 195 , 167 ," 1,170 ", 949 , 221 ," 19,620 "," 7,720 "," 11,900 ",,,,,,
32,00,0000,00000000,0,0,STATE,KERALA,Total," 6,726,356 "," 31,841,374 "," 15,468,614 "," 16,372,760 "," 3,793,146 "," 1,935,027 "," 1,858,119 "," 3,123,941 "," 1,525,114 "," 1,598,827 "," 364,189 "," 180,169 "," 184,020 "," 25,485,688 "," 12,753,602 "," 12,732,086 "," 6,355,686 "," 2,715,012 "," 3,640,674 "," 10,283,887 "," 7,765,645 "," 2,518,242 "," 8,236,973 "," 6,460,693 "," 1,776,280 "," 586,360 "," 515,371 "," 70,989 "," 1,021,559 "," 714,772 "," 306,787 "," 275,654 "," 161,019 "," 114,635 "," 6,353,400 "," 5,069,531 "," 1,283,869 "," 2,046,914 "," 1,304,952 "," 741,962 "," 137,795 "," 86,667 "," 51,128 "," 599,292 "," 363,582 "," 235,710 "," 94,013 "," 30,618 "," 63,395 "," 1,215,814 "," 824,085 "," 391,729 "," 21,557,487 "," 7,702,969 "," 13,854,518 ",,,,,,
32,00,0000,00000000,0,0,STATE,KERALA,Rural," 5,010,259 "," 23,574,449 "," 11,451,282 "," 12,123,167 "," 2,857,686 "," 1,457,233 "," 1,400,453 "," 2,553,725 "," 1,247,537 "," 1,306,188 "," 350,019 "," 173,267 "," 176,752 "," 18,653,369 "," 9,357,640 "," 9,295,729 "," 4,921,080 "," 2,093,642 "," 2,827,438 "," 7,671,110 "," 5,732,387 "," 1,938,723 "," 5,998,150 "," 4,677,067 "," 1,321,083 "," 561,841 "," 494,675 "," 67,166 "," 950,164 "," 664,921 "," 285,243 "," 201,423 "," 113,022 "," 88,401 "," 4,284,722 "," 3,404,449 "," 880,273 "," 1,672,960 "," 1,055,320 "," 617,640 "," 132,145 "," 83,051 "," 49,094 "," 556,917 "," 338,344 "," 218,573 "," 73,964 "," 23,449 "," 50,515 "," 909,934 "," 610,476 "," 299,458 "," 15,903,339 "," 5,718,895 "," 10,184,444 ",,,,,,
32,00,0000,00000000,0,0,STATE,KERALA,Urban," 1,716,097 "," 8,266,925 "," 4,017,332 "," 4,249,593 "," 935,460 "," 477,794 "," 457,666 "," 570,216 "," 277,577 "," 292,639 "," 14,170 "," 6,902 "," 7,268 "," 6,832,319 "," 3,395,962 "," 3,436,357 "," 1,434,606 "," 621,370 "," 813,236 "," 2,612,777 "," 2,033,258 "," 579,519 "," 2,238,823 "," 1,783,626 "," 455,197 "," 24,519 "," 20,696 "," 3,823 "," 71,395 "," 49,851 "," 21,544 "," 74,231 "," 47,997 "," 26,234 "," 2,068,678 "," 1,665,082 "," 403,596 "," 373,954 "," 249,632 "," 124,322 "," 5,650 "," 3,616 "," 2,034 "," 42,375 "," 25,238 "," 17,137 "," 20,049 "," 7,169 "," 12,880 "," 305,880 "," 213,609 "," 92,271 "," 5,654,148 "," 1,984,074 "," 3,670,074 ",,,,,,
33,00,0000,00000000,0,0,STATE,TAMIL NADU,Total," 14,665,983 "," 62,405,679 "," 31,400,909 "," 31,004,770 "," 7,235,160 "," 3,725,616 "," 3,509,544 "," 11,857,504 "," 5,932,925 "," 5,924,579 "," 651,321 "," 328,917 "," 322,404 "," 40,524,545 "," 22,809,662 "," 17,714,883 "," 21,881,134 "," 8,591,247 "," 13,289,887 "," 27,878,282 "," 18,100,397 "," 9,777,885 "," 23,757,783 "," 16,303,310 "," 7,454,473 "," 4,738,819 "," 3,107,543 "," 1,631,276 "," 6,062,786 "," 3,273,642 "," 2,789,144 "," 1,261,059 "," 594,025 "," 667,034 "," 11,695,119 "," 9,328,100 "," 2,367,019 "," 4,120,499 "," 1,797,087 "," 2,323,412 "," 377,220 "," 154,946 "," 222,274 "," 2,574,844 "," 982,718 "," 1,592,126 "," 238,702 "," 54,564 "," 184,138 "," 929,733 "," 604,859 "," 324,874 "," 34,527,397 "," 13,300,512 "," 21,226,885 ",,,,,,
33,00,0000,00000000,0,0,STATE,TAMIL NADU,Rural," 8,284,383 "," 34,921,681 "," 17,531,494 "," 17,390,187 "," 4,232,644 "," 2,189,995 "," 2,042,649 "," 8,308,890 "," 4,159,182 "," 4,149,708 "," 551,143 "," 278,746 "," 272,397 "," 20,319,498 "," 11,835,689 "," 8,483,809 "," 14,602,183 "," 5,695,805 "," 8,906,378 "," 17,559,768 "," 10,360,726 "," 7,199,042 "," 14,290,543 "," 9,039,189 "," 5,251,354 "," 4,416,199 "," 2,883,493 "," 1,532,706 "," 5,200,102 "," 2,768,067 "," 2,432,035 "," 688,154 "," 314,026 "," 374,128 "," 3,986,088 "," 3,073,603 "," 912,485 "," 3,269,225 "," 1,321,537 "," 1,947,688 "," 356,829 "," 145,912 "," 210,917 "," 2,333,664 "," 873,946 "," 1,459,718 "," 157,572 "," 36,151 "," 121,421 "," 421,160 "," 265,528 "," 155,632 "," 17,361,913 "," 7,170,768 "," 10,191,145 ",,,,,,
33,00,0000,00000000,0,0,STATE,TAMIL NADU,Urban," 6,381,600 "," 27,483,998 "," 13,869,415 "," 13,614,583 "," 3,002,516 "," 1,535,621 "," 1,466,895 "," 3,548,614 "," 1,773,743 "," 1,774,871 "," 100,178 "," 50,171 "," 50,007 "," 20,205,047 "," 10,973,973 "," 9,231,074 "," 7,278,951 "," 2,895,442 "," 4,383,509 "," 10,318,514 "," 7,739,671 "," 2,578,843 "," 9,467,240 "," 7,264,121 "," 2,203,119 "," 322,620 "," 224,050 "," 98,570 "," 862,684 "," 505,575 "," 357,109 "," 572,905 "," 279,999 "," 292,906 "," 7,709,031 "," 6,254,497 "," 1,454,534 "," 851,274 "," 475,550 "," 375,724 "," 20,391 "," 9,034 "," 11,357 "," 241,180 "," 108,772 "," 132,408 "," 81,130 "," 18,413 "," 62,717 "," 508,573 "," 339,331 "," 169,242 "," 17,165,484 "," 6,129,744 "," 11,035,740 ",,,,,,
34,00,0000,00000000,0,0,STATE,PONDICHERRY,Total," 215,538 "," 974,345 "," 486,961 "," 487,384 "," 117,159 "," 59,565 "," 57,594 "," 157,771 "," 78,140 "," 79,631 ", -   , -   , -   ," 696,367 "," 378,758 "," 317,609 "," 277,978 "," 108,203 "," 169,775 "," 342,655 "," 258,670 "," 83,985 "," 317,367 "," 245,205 "," 72,162 "," 10,511 "," 9,409 "," 1,102 "," 59,594 "," 36,631 "," 22,963 "," 5,368 "," 2,988 "," 2,380 "," 241,894 "," 196,177 "," 45,717 "," 25,288 "," 13,465 "," 11,823 ", 389 , 228 , 161 ," 12,657 "," 5,486 "," 7,171 ", 971 , 260 , 711 ," 11,271 "," 7,491 "," 3,780 "," 631,690 "," 228,291 "," 403,399 ",,,,,,
34,00,0000,00000000,0,0,STATE,PONDICHERRY,Rural," 72,966 "," 325,726 "," 163,703 "," 162,023 "," 41,821 "," 21,260 "," 20,561 "," 88,545 "," 44,027 "," 44,518 ", -   , -   , -   ," 210,021 "," 118,941 "," 91,080 "," 115,705 "," 44,762 "," 70,943 "," 127,766 "," 88,986 "," 38,780 "," 113,453 "," 82,135 "," 31,318 "," 8,701 "," 7,724 ", 977 ," 49,553 "," 29,482 "," 20,071 "," 1,854 "," 1,046 ", 808 ," 53,345 "," 43,883 "," 9,462 "," 14,313 "," 6,851 "," 7,462 ", 301 , 168 , 133 ," 10,651 "," 4,639 "," 6,012 ", 326 , 70 , 256 ," 3,035 "," 1,974 "," 1,061 "," 197,960 "," 74,717 "," 123,243 ",,,,,,
34,00,0000,00000000,0,0,STATE,PONDICHERRY,Urban," 142,572 "," 648,619 "," 323,258 "," 325,361 "," 75,338 "," 38,305 "," 37,033 "," 69,226 "," 34,113 "," 35,113 ", -   , -   , -   ," 486,346 "," 259,817 "," 226,529 "," 162,273 "," 63,441 "," 98,832 "," 214,889 "," 169,684 "," 45,205 "," 203,914 "," 163,070 "," 40,844 "," 1,810 "," 1,685 ", 125 ," 10,041 "," 7,149 "," 2,892 "," 3,514 "," 1,942 "," 1,572 "," 188,549 "," 152,294 "," 36,255 "," 10,975 "," 6,614 "," 4,361 ", 88 , 60 , 28 ," 2,006 ", 847 ," 1,159 ", 645 , 190 , 455 ," 8,236 "," 5,517 "," 2,719 "," 433,730 "," 153,574 "," 280,156 ",,,,,,
35,00,0000,00000000,0,0,STATE,ANDAMAN & NICOBAR ISLANDS,Total," 78,242 "," 356,152 "," 192,972 "," 163,180 "," 44,781 "," 22,885 "," 21,896 ", -   , -   , -   ," 29,469 "," 15,127 "," 14,342 "," 253,135 "," 146,831 "," 106,304 "," 103,017 "," 46,141 "," 56,876 "," 136,254 "," 109,162 "," 27,092 "," 113,607 "," 97,349 "," 16,258 "," 15,505 "," 12,905 "," 2,600 "," 2,683 "," 2,470 ", 213 ," 4,792 "," 3,966 ", 826 ," 90,627 "," 78,008 "," 12,619 "," 22,647 "," 11,813 "," 10,834 "," 5,956 "," 2,032 "," 3,924 "," 2,486 "," 1,573 ", 913 ," 2,294 ", 689 ," 1,605 "," 11,911 "," 7,519 "," 4,392 "," 219,898 "," 83,810 "," 136,088 ",,,,,,
35,00,0000,00000000,0,0,STATE,ANDAMAN & NICOBAR ISLANDS,Rural," 51,866 "," 239,954 "," 128,961 "," 110,993 "," 31,443 "," 15,996 "," 15,447 ", -   , -   , -   ," 28,456 "," 14,563 "," 13,893 "," 164,088 "," 95,049 "," 69,039 "," 75,866 "," 33,912 "," 41,954 "," 94,052 "," 73,350 "," 20,702 "," 73,454 "," 63,186 "," 10,268 "," 15,469 "," 12,875 "," 2,594 "," 2,577 "," 2,375 ", 202 ," 4,447 "," 3,701 ", 746 ," 50,961 "," 44,235 "," 6,726 "," 20,598 "," 10,164 "," 10,434 "," 5,950 "," 2,028 "," 3,922 "," 2,449 "," 1,543 ", 906 ," 2,211 ", 638 ," 1,573 "," 9,988 "," 5,955 "," 4,033 "," 145,902 "," 55,611 "," 90,291 ",,,,,,
35,00,0000,00000000,0,0,STATE,ANDAMAN & NICOBAR ISLANDS,Urban," 26,376 "," 116,198 "," 64,011 "," 52,187 "," 13,338 "," 6,889 "," 6,449 ", -   , -   , -   ," 1,013 ", 564 , 449 ," 89,047 "," 51,782 "," 37,265 "," 27,151 "," 12,229 "," 14,922 "," 42,202 "," 35,812 "," 6,390 "," 40,153 "," 34,163 "," 5,990 ", 36 , 30 , 6 , 106 , 95 , 11 , 345 , 265 , 80 ," 39,666 "," 33,773 "," 5,893 "," 2,049 "," 1,649 ", 400 , 6 , 4 , 2 , 37 , 30 , 7 , 83 , 51 , 32 ," 1,923 "," 1,564 ", 359 ," 73,996 "," 28,199 "," 45,797 ",,,,,,
